[18Feb2025 22:37:02.551] [main/INFO] [cpw.mods.modlauncher.Launcher/MODLAUNCHER]: ModLauncher running: args [--launchTarget, forgeserver, --fml.forgeVersion, 47.3.12, --fml.mcVersion, 1.20.1, --fml.forgeGroup, net.minecraftforge, --fml.mcpVersion, 20230612.114412, nogui]
[18Feb2025 22:37:02.554] [main/INFO] [cpw.mods.modlauncher.Launcher/MODLAUNCHER]: ModLauncher 10.0.9+10.0.9+main.dcd20f30 starting: java version 17.0.14 by Ubuntu; OS Linux arch amd64 version 6.5.0-1025-azure
[18Feb2025 22:37:04.228] [main/INFO] [net.minecraftforge.fml.loading.ImmediateWindowHandler/]: ImmediateWindowProvider not loading because launch target is forgeserver
[18Feb2025 22:37:04.274] [main/INFO] [mixin/]: SpongePowered MIXIN Subsystem Version=0.8.5 Source=union:/workspaces/amigos/servidor_minecraft/libraries/org/spongepowered/mixin/0.8.5/mixin-0.8.5.jar%2365!/ Service=ModLauncher Env=SERVER
[18Feb2025 22:37:05.025] [main/WARN] [net.minecraftforge.fml.loading.moddiscovery.ModFileParser/LOADING]: Mod file /workspaces/amigos/servidor_minecraft/libraries/net/minecraftforge/fmlcore/1.20.1-47.3.12/fmlcore-1.20.1-47.3.12.jar is missing mods.toml file
[18Feb2025 22:37:05.026] [main/WARN] [net.minecraftforge.fml.loading.moddiscovery.ModFileParser/LOADING]: Mod file /workspaces/amigos/servidor_minecraft/libraries/net/minecraftforge/javafmllanguage/1.20.1-47.3.12/javafmllanguage-1.20.1-47.3.12.jar is missing mods.toml file
[18Feb2025 22:37:05.027] [main/WARN] [net.minecraftforge.fml.loading.moddiscovery.ModFileParser/LOADING]: Mod file /workspaces/amigos/servidor_minecraft/libraries/net/minecraftforge/lowcodelanguage/1.20.1-47.3.12/lowcodelanguage-1.20.1-47.3.12.jar is missing mods.toml file
[18Feb2025 22:37:05.028] [main/WARN] [net.minecraftforge.fml.loading.moddiscovery.ModFileParser/LOADING]: Mod file /workspaces/amigos/servidor_minecraft/libraries/net/minecraftforge/mclanguage/1.20.1-47.3.12/mclanguage-1.20.1-47.3.12.jar is missing mods.toml file
[18Feb2025 22:37:05.346] [main/WARN] [net.minecraftforge.jarjar.selection.JarSelector/]: Attempted to select two dependency jars from JarJar which have the same identification: Mod File:  and Mod File: . Using Mod File: 
[18Feb2025 22:37:05.348] [main/INFO] [net.minecraftforge.fml.loading.moddiscovery.JarInJarDependencyLocator/]: Found 28 dependencies adding them to mods collection
[18Feb2025 22:37:10.805] [main/INFO] [mixin/]: Compatibility level set to JAVA_17
[18Feb2025 22:37:10.916] [main/ERROR] [mixin/]: Mixin config arclight.mixins.json does not specify "minVersion" property
[18Feb2025 22:37:11.114] [main/ERROR] [mixin/]: Mixin config cameraoverhaul.mixins.json does not specify "minVersion" property
[18Feb2025 22:37:11.369] [main/ERROR] [mixin/]: Mixin config yacl.mixins.json does not specify "minVersion" property
[18Feb2025 22:37:11.413] [main/INFO] [cpw.mods.modlauncher.LaunchServiceHandler/MODLAUNCHER]: Launching target 'forgeserver' with arguments [nogui]
[18Feb2025 22:37:11.533] [main/INFO] [Embeddium/]: Loaded configuration file for Embeddium: 221 options available, 0 override(s) found
[18Feb2025 22:37:11.576] [main/WARN] [mixin/]: Reference map 'expanded_ecosphere-forge-refmap.json' for wwoo.mixins.json could not be read. If this is a development environment you can ignore this message
[18Feb2025 22:37:11.615] [main/WARN] [mixin/]: Reference map 'arclight.mixins.refmap.json' for arclight.mixins.json could not be read. If this is a development environment you can ignore this message
[18Feb2025 22:37:11.698] [main/WARN] [ImmediatelyFast/]: Scorched Guns 2 mod detected. Force disabling HUD Batching optimization.
[18Feb2025 22:37:11.738] [main/INFO] [Puzzles Lib/]: Loading 176 mods:
	- alexsmobs 1.22.9
	- ancient_elements 1.3.4
	- appleskin 2.5.1+mc1.20.1
	- architectury 9.2.14
	- artifacts 9.5.13
		\-- expandability 9.0.4
	- ati_structures 1.1.0
	- balm 7.3.14
		\-- kuma_api 20.1.9-SNAPSHOT
	- bettercombat 1.8.6+1.20.1
	- betterdeserttemples 1.20-Forge-3.0.3
	- betterdungeons 1.20-Forge-4.0.4
	- bettermineshafts 1.20-Forge-4.0.4
	- betterthirdperson 1.9.0
	- biomesoplenty 18.0.0.592
	- bookshelf 20.2.13
	- born_in_chaos_v1 1.6.2
	- bosses_of_mass_destruction 1.1.2
	- caelus 3.2.0+1.20.1
	- call_of_yucutan 1.0.13
	- cameraoverhaul 2.0.0-forge+mc.1.19.3-1.20.5
	- carryon 2.1.2.7
		\-- mixinextras 0.2.0-beta.6
	- cataclysm 2.43
	- cerbons_api 1.1.0
	- citadel 2.6.1
	- cloth_config 11.1.136
	- collective 7.78
	- comforts 6.4.0+1.20.1
		\-- spectrelib 0.13.15+1.20.1
	- condensedores 1.0.0
	- continents 1.1.5
	- copycats 2.2.0+mc.1.20.1-forge
	- corail_recycler 5.9.1
	- corgilib 4.0.3.3
	- coroutil 1.20.1-1.3.7
	- corpse 1.20.1-1.0.20
	- cosmeticarmorreworked 1.20.1-v1a
	- create 0.5.1.j
		\-- flywheel 0.6.11-13
	- create_copper_and_zinc 1.6.0
	- create_sa 2.0.5
	- create_sabers 1.3.0
	- createaddition 1.20.1-1.2.5
	- createcontraptionterminals 1.1.0
	- cristellib 1.1.6
	- crust 2.4.8
	- ctov 3.4.11
	- cucumber 7.0.13
	- cupboard 1.20.1-2.7
	- curios 5.10.0+1.20.1
	- cyclic 1.12.11
	- deeperdarker 1.3.3
	- dimthread 1.2.1
	- dungeoncrawl 2.3.15
	- dungeons_arise 2.1.58-1.20.x
	- dungeons_arise_seven_seas 1.0.2
	- durabilitytooltip 1.1.5
	- dynamic_fps 3.7.7
	- dynamicvillage 0.4
	- easy_villagers 1.20.1-1.1.23
	- easyanvils 8.0.2
	- elevatorid 1.20.1-lex-1.9
	- embeddium 0.3.31+mc1.20.1
		\-- rubidium 0.7.1
	- enchantinginfuser 8.0.3
	- enchdesc 17.1.19
	- endertrigon 1.20.1-1.1
		\-- crackerslib 1.20.1-0.3.2.1
	- enhancedcelestials 1.20.1-5.0.2.3
	- epicpaladins 1.0.0-1.20.1-forge
	- expanded_ecosphere 3.2.4
	- fallingleaves 2.1.0
	- fallingtrees 0.13.1
	- farmersdelight 1.20.1-1.2.6
	- fastboot 1.2
	- ferritecore 6.0.1
	- flib 0.0.14
	- forge 47.3.12
	- framework 0.6.16
	- fzzy_config 0.6.3+1.20.1+forge
	- geckolib 4.7
	- grapplemod 1.20.1-v13
	- guardvillagers 1.20.1-1.6.10
	- hyperremaster 1.0.0
	- immediatelyfast 1.3.4+1.20.4
	- immersive_armors 1.6.1+1.20.1
	- incendium 5.3.5
	- infernalmobs 1.20.1.6
	- infinitetrading 4.5
	- inventorypets 2.1.3
	- inventoryprofilesnext 1.10.14
	- ironchest 1.20.1-14.4.4
	- ironfurnaces 4.1.6
	- irons_spellbooks 1.20.1-3.4.0.7
	- jade 11.12.3+forge
	- jei 15.20.0.106
	- jeiintegration 10.0.0
	- jet_and_elias_armors 1.0.0
	- journeymap 5.10.3
	- jrftl 1.6.0
	- jsonthings 0.9.9
	- justzoom 2.0.0
	- konkrete 1.8.0
	- kotlinforforge 4.11.0
	- libipn 4.0.2
	- libraryferret 4.0.0
	- lionfishapi 2.4
	- lithostitched 1.4
	- lootr 0.7.35.90
	- luckys_armory 0.4.0.1
	- mantle 1.11.36
	- matc 1.6.0
	- minecraft 1.20.1
	- mowziesmobs 1.6.4
	- mr_dungeons_andtaverns 3.0.3.f
	- mr_veinminer 1.1.0
	- musicplayer 2.7.0.316
	- mutantmonsters 8.0.7
	- myserveriscompatible 1.0
	- mysticalagriculture 7.0.16
	- netherportalfix 13.0.1
	- otyacraftengine 3.7.0-alpha.2
	- overloadedarmorbar 1.20.1-1
	- pandalib 0.5.1
	- paraglider 20.1.3
	- particle_core 0.2.5+1.20.1+forge
		\-- conditional_mixin 0.6.2
	- playeranimator 1.0.2-rc1+1.20
	- protection_pixel 1.1.5
	- puzzleslib 8.1.25
		\-- puzzlesaccessapi 8.0.7
	- railways 1.6.7+forge-mc1.20.1
	- rpgsmw 9.21.20.1
	- scguns 0.3.4.1
	- simpleplanes 1.20.1-5.3.3
	- simplyswords 1.56.0-1.20.1
	- skyvillages 1.0.4
	- smallships 2.0.0-b1.4
	- sodiumdynamiclights 1.0.9
	- sodiumoptionsapi 1.0.10
		\-- fabric_api_base 0.4.31+ef105b4977
	- sophisticatedbackpacks 3.23.5.1200
	- sophisticatedcore 1.2.7.860
	- soul_like_armors_reworked 140
	- spartanshields 3.1.1
	- specialmobs 1.20.1-3.1.10
	- stackablepotions 1.0.0
	- stackrefill 4.5
	- storagedrawers 12.9.13
	- superbarrels 119
	- supermartijn642configlib 1.1.8
	- supermartijn642corelib 1.1.18
	- t_and_t 0.0NONE
	- tconstruct 3.9.1.19
	- terrablender 3.0.1.7
	- terralith 2.5.4
	- terramity 0.9.8
	- tinkers_katanas 1.3.1
	- tinkers_things 1.3.0
	- tinkers_thinking 0.1.5.0
	- tinkerslevellingaddon 1.4.1
	- tinkervillager 1.0.0
	- tleveling 0.2.4-1.20.1
	- toms_storage 1.7.0
	- toolleveling 1.20.1-2.0.0
	- totw_modded 1.0.5
	- travelersbackpack 9.1.16
	- twilightforest 4.3.2508
	- uteamcore 5.1.4.346
	- vanillaplustools 1.20-1.0
	- visualworkbench 8.0.0
	- watut 1.20.1-1.1.3
	- waystones 14.1.6
	- wwoo_forge 2.0.0
	- yet_another_config_lib_v3 3.6.2+1.20.1-forge
	- yungsapi 1.20-Forge-4.0.6
[18Feb2025 22:37:11.764] [main/WARN] [mixin/]: Reference map 'cristellib-forge-refmap.json' for cristellib.mixins.json could not be read. If this is a development environment you can ignore this message
[18Feb2025 22:37:11.767] [main/WARN] [mixin/]: Reference map 'grapplemod.refmap.json' for grapplemod.mixins.json could not be read. If this is a development environment you can ignore this message
[18Feb2025 22:37:12.048] [main/WARN] [mixin/]: Reference map 'CerbonsAPI-Forge-1.20.1-forge-refmap.json' for cerbons_api.mixins.json could not be read. If this is a development environment you can ignore this message
[18Feb2025 22:37:12.091] [main/WARN] [mixin/]: Reference map 'pandalib-common-common-refmap.json' for pandalib-common.mixins.json could not be read. If this is a development environment you can ignore this message
[18Feb2025 22:37:12.124] [main/WARN] [mixin/]: Reference map 'smallships-forge-refmap.json' for smallships.mixins.json could not be read. If this is a development environment you can ignore this message
[18Feb2025 22:37:12.262] [main/WARN] [mixin/]: Reference map 'mixins.call_of_yucutan.refmap.json' for mixins.call_of_yucutan.json could not be read. If this is a development environment you can ignore this message
[18Feb2025 22:37:12.291] [main/WARN] [mixin/]: Reference map 'simplyswords-forge-refmap.json' for simplyswords.mixins.json could not be read. If this is a development environment you can ignore this message
[18Feb2025 22:37:12.298] [main/WARN] [mixin/]: Reference map 'mixins.create_sa.refmap.json' for mixins.create_sa.json could not be read. If this is a development environment you can ignore this message
[18Feb2025 22:37:12.307] [main/WARN] [mixin/]: Reference map 'coroutil.refmap.json' for coroutil.mixins.json could not be read. If this is a development environment you can ignore this message
[18Feb2025 22:37:13.942] [main/WARN] [mixin/]: Error loading class: net/minecraft/client/renderer/entity/PhantomRenderer (java.lang.ClassNotFoundException: net.minecraft.client.renderer.entity.PhantomRenderer)
[18Feb2025 22:37:13.943] [main/WARN] [mixin/]: @Mixin target net.minecraft.client.renderer.entity.PhantomRenderer was not found mixins.deeperdarker.json:PhantomRendererMixin
[18Feb2025 22:37:14.816] [main/ERROR] [net.minecraftforge.fml.loading.RuntimeDistCleaner/DISTXFORM]: Attempted to load class net/minecraft/client/Camera for invalid dist DEDICATED_SERVER
[18Feb2025 22:37:14.817] [main/WARN] [mixin/]: Error loading class: net/minecraft/client/Camera (java.lang.RuntimeException: Attempted to load class net/minecraft/client/Camera for invalid dist DEDICATED_SERVER)
[18Feb2025 22:37:14.817] [main/WARN] [mixin/]: @Mixin target net.minecraft.client.Camera was not found cameraoverhaul.mixins.json:CameraMixin
[18Feb2025 22:37:14.821] [main/ERROR] [net.minecraftforge.fml.loading.RuntimeDistCleaner/DISTXFORM]: Attempted to load class net/minecraft/client/renderer/GameRenderer for invalid dist DEDICATED_SERVER
[18Feb2025 22:37:14.821] [main/WARN] [mixin/]: Error loading class: net/minecraft/client/renderer/GameRenderer (java.lang.RuntimeException: Attempted to load class net/minecraft/client/renderer/GameRenderer for invalid dist DEDICATED_SERVER)
[18Feb2025 22:37:14.822] [main/WARN] [mixin/]: @Mixin target net.minecraft.client.renderer.GameRenderer was not found cameraoverhaul.mixins.json:GameRendererMixin
[18Feb2025 22:37:14.846] [main/ERROR] [net.minecraftforge.fml.loading.RuntimeDistCleaner/DISTXFORM]: Attempted to load class net/minecraft/client/player/LocalPlayer for invalid dist DEDICATED_SERVER
[18Feb2025 22:37:14.846] [main/WARN] [mixin/]: Error loading class: net/minecraft/client/player/LocalPlayer (java.lang.RuntimeException: Attempted to load class net/minecraft/client/player/LocalPlayer for invalid dist DEDICATED_SERVER)
[18Feb2025 22:37:14.846] [main/WARN] [mixin/]: @Mixin target net.minecraft.client.player.LocalPlayer was not found cameraoverhaul.mixins.json:LocalPlayerMixin
[18Feb2025 22:37:14.938] [main/INFO] [MixinExtras|Service/]: Initializing MixinExtras via com.llamalad7.mixinextras.service.MixinExtrasServiceImpl(version=0.4.1).
[18Feb2025 22:37:21.185] [main/WARN] [mixin/]: @Final field f_26027_:Lnet/minecraft/world/entity/ai/targeting/TargetingConditions; in guardvillagers.mixins.json:DefendVillageGoalGolemMixin should be final
[18Feb2025 22:37:23.130] [modloading-worker-0/INFO] [Puzzles Lib/]: Constructing common components for easyanvils:main
[18Feb2025 22:37:23.432] [modloading-worker-0/INFO] [ToolLeveling+/]: Loaded ForgeRegistrationFactory for service Factory
[18Feb2025 22:37:23.439] [modloading-worker-0/INFO] [ToolLeveling+/]: Loaded ForgePlatformHelper for service PlatformHelper
[18Feb2025 22:37:23.455] [modloading-worker-0/INFO] [ToolLeveling+/]: Initializing ToolLeveling+...
[18Feb2025 22:37:23.497] [modloading-worker-0/WARN] [net.minecraftforge.common.ForgeConfigSpec/CORE]: Configuration file /workspaces/amigos/servidor_minecraft/config/guardvillagers-common.toml is not correct. Correcting
[18Feb2025 22:37:23.618] [modloading-worker-0/INFO] [info.u_team.u_team_core.util.verify.JarSignVerifier/]: Mod musicplayer is signed with a valid certificate.
[18Feb2025 22:37:23.985] [modloading-worker-0/INFO] [ironfurnaces.IronFurnaces/]: Initializing Update Checker...
[18Feb2025 22:37:23.996] [ Iron Furnaces Update Checker/INFO] [ironfurnaces.IronFurnaces/]: Starting Update Check...
[18Feb2025 22:37:24.210] [modloading-worker-0/INFO] [Expanded Ecosphere/]: Loading Expanded Ecosphere
[18Feb2025 22:37:24.883] [ Iron Furnaces Update Checker/INFO] [ironfurnaces.IronFurnaces/]: Update Check done!
[18Feb2025 22:37:24.884] [ Iron Furnaces Update Checker/INFO] [ironfurnaces.IronFurnaces/]: Iron Furnaces is up to date!
[18Feb2025 22:37:24.923] [modloading-worker-0/INFO] [Puzzles Lib/]: Constructing common components for enchantinginfuser:main
[18Feb2025 22:37:25.166] [modloading-worker-0/INFO] [Puzzles Lib/]: Constructing common components for mutantmonsters:main
[18Feb2025 22:37:25.276] [modloading-worker-0/INFO] [Puzzles Lib/]: Constructing common components for visualworkbench:main
[18Feb2025 22:37:25.304] [modloading-worker-0/WARN] [fallingleaves/]: Falling Leaves is a client only mod and should be removed from the mods list
[18Feb2025 22:37:25.306] [modloading-worker-0/INFO] [com.jtorleonstudios.libraryferret.LibraryFerret/]: Initialize mod Library Ferret
[18Feb2025 22:37:25.327] [modloading-worker-0/INFO] [com.jtorleonstudios.libraryferret.LibraryFerret/]: Initialized mod Library Ferret
[18Feb2025 22:37:25.342] [modloading-worker-0/INFO] [net.minecraftforge.common.ForgeMod/FORGEMOD]: Forge mod loading, version 47.3.12, for MC 1.20.1 with MCP 20230612.114412
[18Feb2025 22:37:25.342] [modloading-worker-0/INFO] [net.minecraftforge.common.MinecraftForge/FORGE]: MinecraftForge v47.3.12 Initialized
[18Feb2025 22:37:25.622] [modloading-worker-0/INFO] [Expanded Ecosphere/]: [Expanded Ecosphere Updater] Found no updates
[18Feb2025 22:37:26.752] [modloading-worker-0/INFO] [Puzzles Lib/]: Constructing common components for puzzleslib:main
[18Feb2025 22:37:27.066] [modloading-worker-0/INFO] [Bookshelf/]: Fixing MC-151457. Crafting remainder for minecraft:pufferfish_bucket is now minecraft:bucket.
[18Feb2025 22:37:27.069] [modloading-worker-0/INFO] [Bookshelf/]: Fixing MC-151457. Crafting remainder for minecraft:salmon_bucket is now minecraft:bucket.
[18Feb2025 22:37:27.070] [modloading-worker-0/INFO] [Bookshelf/]: Fixing MC-151457. Crafting remainder for minecraft:cod_bucket is now minecraft:bucket.
[18Feb2025 22:37:27.070] [modloading-worker-0/INFO] [Bookshelf/]: Fixing MC-151457. Crafting remainder for minecraft:tropical_fish_bucket is now minecraft:bucket.
[18Feb2025 22:37:27.070] [modloading-worker-0/INFO] [Bookshelf/]: Fixing MC-151457. Crafting remainder for minecraft:axolotl_bucket is now minecraft:bucket.
[18Feb2025 22:37:27.071] [modloading-worker-0/INFO] [Bookshelf/]: Fixing MC-151457. Crafting remainder for minecraft:powder_snow_bucket is now minecraft:bucket.
[18Feb2025 22:37:27.071] [modloading-worker-0/INFO] [Bookshelf/]: Fixing MC-151457. Crafting remainder for minecraft:tadpole_bucket is now minecraft:bucket.
[18Feb2025 22:37:27.228] [modloading-worker-0/INFO] [thedarkcolour.kotlinforforge.test.KotlinForForge/]: Kotlin For Forge Enabled!
[18Feb2025 22:37:27.296] [modloading-worker-0/INFO] [info.u_team.u_team_core.util.verify.JarSignVerifier/]: Mod uteamcore is signed with a valid certificate.
[18Feb2025 22:37:27.453] [modloading-worker-0/INFO] [Railways/]: Steam 'n' Rails v1.6.7 initializing! Commit hash: 0a7cc000d6c7a1419919bc3e315bc62932287eb9 on Create version: 0.5.1j on platform: Forge
[18Feb2025 22:37:27.680] [modloading-worker-0/INFO] [de.keksuccino.konkrete.Konkrete/]: [KONKRETE] Successfully initialized!
[18Feb2025 22:37:27.680] [modloading-worker-0/INFO] [de.keksuccino.konkrete.Konkrete/]: [KONKRETE] Server-side libs ready to use!
[18Feb2025 22:37:28.167] [modloading-worker-0/WARN] [fzzy_config/]: >>>>>>>>>>>>>>>
[18Feb2025 22:37:28.167] [modloading-worker-0/WARN] [fzzy_config/]: Errors found while deserializing Config me.fzzyhmstrs.particle_core.PcConfigImpl!
[18Feb2025 22:37:28.167] [modloading-worker-0/WARN] [fzzy_config/]: >>>>>>>>>>>>>>>
[18Feb2025 22:37:28.167] [modloading-worker-0/WARN] [fzzy_config/]: Critical error encountered while deserializing
[18Feb2025 22:37:28.168] [modloading-worker-0/WARN] [fzzy_config/]: >>>>>>>>>>>>>>>
[18Feb2025 22:37:28.299] [modloading-worker-0/ERROR] [fzzy_config/]: >>>>>>>>>>>>>>>
[18Feb2025 22:37:28.301] [modloading-worker-0/ERROR] [fzzy_config/]: Critical error(s) encountered while re-serializing corrected Config Class! Output may not be complete.
[18Feb2025 22:37:28.301] [modloading-worker-0/ERROR] [fzzy_config/]: >>>>>>>>>>>>>>>
[18Feb2025 22:37:28.301] [modloading-worker-0/ERROR] [fzzy_config/]: Critical error encountered while serializing config!: net/minecraft/client/ParticleStatus
[18Feb2025 22:37:28.305] [modloading-worker-0/ERROR] [fzzy_config/]: >>>>>>>>>>>>>>>
[18Feb2025 22:37:28.306] [modloading-worker-0/INFO] [fzzy_config/]: Loaded config :particle_core_config in 660ms
[18Feb2025 22:37:29.447] [modloading-worker-0/INFO] [Collective/]: Loading Collective version 7.78.
[18Feb2025 22:37:29.530] [modloading-worker-0/INFO] [Inventory Profiles Next/]: [Inventory Profiles Next] Inventory Profiles Next - init in Kotlin
[18Feb2025 22:37:29.609] [modloading-worker-0/INFO] [dev.architectury.networking.forge.NetworkManagerImpl/]: Registering C2S receiver with id architectury:sync_ids
[18Feb2025 22:37:29.610] [modloading-worker-0/INFO] [dev.architectury.networking.forge.NetworkManagerImpl/]: Registering C2S receiver with id otyacraftengine:block_entity_instruction
[18Feb2025 22:37:29.611] [modloading-worker-0/INFO] [dev.architectury.networking.forge.NetworkManagerImpl/]: Registering C2S receiver with id otyacraftengine:item_instruction
[18Feb2025 22:37:29.782] [modloading-worker-0/INFO] [com.cupboard.Cupboard/]: Loaded config for: cupboard.json
[18Feb2025 22:37:29.853] [modloading-worker-0/INFO] [de.cristelknight999.wwoo_forge.wwoo_forge/]: Enabling William Wythers' Overhauled Overworld [FORGE]
[18Feb2025 22:37:29.870] [modloading-worker-0/INFO] [fallingtrees | Config/]: Successfully loaded config 'fallingtrees_common'
[18Feb2025 22:37:29.876] [modloading-worker-0/INFO] [fallingtrees | Config/]: Successfully saved config 'fallingtrees_common'
[18Feb2025 22:37:30.418] [modloading-worker-0/INFO] [Railways/]: Registered bogey styles from railways
[18Feb2025 22:37:30.550] [modloading-worker-0/INFO] [dev.architectury.networking.forge.NetworkManagerImpl/]: Registering C2S receiver with id artifacts:networking_channel/42a7ad70b1cc371599a0eff744096b8a
[18Feb2025 22:37:30.553] [modloading-worker-0/INFO] [dev.architectury.networking.forge.NetworkManagerImpl/]: Registering C2S receiver with id artifacts:networking_channel/74a5e841822a3a87854ae896a33430d6
[18Feb2025 22:37:30.556] [modloading-worker-0/INFO] [dev.architectury.networking.forge.NetworkManagerImpl/]: Registering C2S receiver with id artifacts:networking_channel/eb3d1e2748533430848cadf0f37c7e9c
[18Feb2025 22:37:30.560] [modloading-worker-0/INFO] [dev.architectury.networking.forge.NetworkManagerImpl/]: Registering C2S receiver with id artifacts:networking_channel/91c8520f19f93b3e8b6a727568e194ab
[18Feb2025 22:37:30.563] [modloading-worker-0/INFO] [dev.architectury.networking.forge.NetworkManagerImpl/]: Registering C2S receiver with id artifacts:networking_channel/8c2784d778293fd482ed84b8aa5fedb9
[18Feb2025 22:37:30.569] [modloading-worker-0/INFO] [dev.architectury.networking.forge.NetworkManagerImpl/]: Registering C2S receiver with id artifacts:networking_channel/ea038224ea783d40b2863f52239e2604
[18Feb2025 22:37:30.573] [modloading-worker-0/INFO] [dev.architectury.networking.forge.NetworkManagerImpl/]: Registering C2S receiver with id artifacts:networking_channel/97ad64b7ecaf33209991c4f031501a58
[18Feb2025 22:37:30.796] [modloading-worker-0/INFO] [Dungeon Crawl/]: Here we go! Launching Dungeon Crawl 2.3.15...
[18Feb2025 22:37:30.833] [modloading-worker-0/INFO] [Railways/]: Registering data fixers
[18Feb2025 22:37:30.857] [modloading-worker-0/INFO] [com.mojang.datafixers.DataFixerBuilder/]: 0 Datafixer optimizations took 0 milliseconds
[18Feb2025 22:37:30.872] [modloading-worker-0/INFO] [Railways/]: Registering tracks for Hex Casting
[18Feb2025 22:37:30.876] [modloading-worker-0/INFO] [Railways/]: Registering tracks for Oh The Biomes You'll Go
[18Feb2025 22:37:30.877] [modloading-worker-0/INFO] [Railways/]: Registering tracks for Blue Skies
[18Feb2025 22:37:30.878] [modloading-worker-0/INFO] [Railways/]: Registering tracks for Twilight Forest
[18Feb2025 22:37:30.917] [modloading-worker-0/INFO] [Railways/]: Registering tracks for Biomes O' Plenty
[18Feb2025 22:37:30.947] [modloading-worker-0/INFO] [Railways/]: Registering tracks for Nature's Spirit
[18Feb2025 22:37:30.949] [modloading-worker-0/INFO] [Railways/]: Registering tracks for Dreams and Desires
[18Feb2025 22:37:30.950] [modloading-worker-0/INFO] [Railways/]: Registering tracks for Quark
[18Feb2025 22:37:30.951] [modloading-worker-0/INFO] [Railways/]: Registering tracks for TerraFirmaCraft
[18Feb2025 22:37:31.171] [modloading-worker-0/INFO] [crust/configs/]: First-time loading config file config/SpecialMobs/README.toml
[18Feb2025 22:37:31.182] [modloading-worker-0/INFO] [crust/configs/]: Started watching config file config/SpecialMobs/README.toml for updates
[18Feb2025 22:37:31.182] [modloading-worker-0/INFO] [crust/configs/]: First-time loading config file config/SpecialMobs/main.toml
[18Feb2025 22:37:31.195] [modloading-worker-0/INFO] [crust/configs/]: Started watching config file config/SpecialMobs/main.toml for updates
[18Feb2025 22:37:31.321] [modloading-worker-0/INFO] [coroutil/]: forge loader environment detected
[18Feb2025 22:37:31.348] [modloading-worker-0/INFO] [crust/configs/]: First-time loading config file config/SpecialMobs/creepers/_normal_creepers.toml
[18Feb2025 22:37:31.376] [modloading-worker-0/INFO] [crust/configs/]: Started watching config file config/SpecialMobs/creepers/_normal_creepers.toml for updates
[18Feb2025 22:37:31.382] [modloading-worker-0/INFO] [crust/configs/]: First-time loading config file config/SpecialMobs/creepers/dark_creepers.toml
[18Feb2025 22:37:31.392] [modloading-worker-0/INFO] [crust/configs/]: Started watching config file config/SpecialMobs/creepers/dark_creepers.toml for updates
[18Feb2025 22:37:31.394] [modloading-worker-0/INFO] [crust/configs/]: First-time loading config file config/SpecialMobs/creepers/death_creepers.toml
[18Feb2025 22:37:31.404] [modloading-worker-0/INFO] [crust/configs/]: Started watching config file config/SpecialMobs/creepers/death_creepers.toml for updates
[18Feb2025 22:37:31.407] [modloading-worker-0/INFO] [crust/configs/]: First-time loading config file config/SpecialMobs/creepers/dirt_creepers.toml
[18Feb2025 22:37:31.417] [modloading-worker-0/INFO] [crust/configs/]: Started watching config file config/SpecialMobs/creepers/dirt_creepers.toml for updates
[18Feb2025 22:37:31.426] [modloading-worker-0/INFO] [crust/configs/]: First-time loading config file config/SpecialMobs/creepers/doom_creepers.toml
[18Feb2025 22:37:31.429] [modloading-worker-0/INFO] [crust/configs/]: Started watching config file config/SpecialMobs/creepers/doom_creepers.toml for updates
[18Feb2025 22:37:31.442] [modloading-worker-0/INFO] [crust/configs/]: First-time loading config file config/SpecialMobs/creepers/drowning_creepers.toml
[18Feb2025 22:37:31.464] [modloading-worker-0/INFO] [crust/configs/]: Started watching config file config/SpecialMobs/creepers/drowning_creepers.toml for updates
[18Feb2025 22:37:31.469] [modloading-worker-0/INFO] [crust/configs/]: First-time loading config file config/SpecialMobs/creepers/ender_creepers.toml
[18Feb2025 22:37:31.483] [modloading-worker-0/INFO] [crust/configs/]: Started watching config file config/SpecialMobs/creepers/ender_creepers.toml for updates
[18Feb2025 22:37:31.485] [modloading-worker-0/INFO] [crust/configs/]: First-time loading config file config/SpecialMobs/creepers/fire_creepers.toml
[18Feb2025 22:37:31.496] [modloading-worker-0/INFO] [crust/configs/]: Started watching config file config/SpecialMobs/creepers/fire_creepers.toml for updates
[18Feb2025 22:37:31.499] [modloading-worker-0/INFO] [crust/configs/]: First-time loading config file config/SpecialMobs/creepers/gravel_creepers.toml
[18Feb2025 22:37:31.504] [modloading-worker-0/INFO] [crust/configs/]: Started watching config file config/SpecialMobs/creepers/gravel_creepers.toml for updates
[18Feb2025 22:37:31.507] [modloading-worker-0/INFO] [crust/configs/]: First-time loading config file config/SpecialMobs/creepers/jumping_creepers.toml
[18Feb2025 22:37:31.520] [modloading-worker-0/INFO] [crust/configs/]: Started watching config file config/SpecialMobs/creepers/jumping_creepers.toml for updates
[18Feb2025 22:37:31.529] [modloading-worker-0/INFO] [crust/configs/]: First-time loading config file config/SpecialMobs/creepers/lightning_creepers.toml
[18Feb2025 22:37:31.542] [modloading-worker-0/INFO] [crust/configs/]: Started watching config file config/SpecialMobs/creepers/lightning_creepers.toml for updates
[18Feb2025 22:37:31.553] [modloading-worker-0/INFO] [crust/configs/]: First-time loading config file config/SpecialMobs/creepers/mini_creepers.toml
[18Feb2025 22:37:31.561] [modloading-worker-0/INFO] [crust/configs/]: Started watching config file config/SpecialMobs/creepers/mini_creepers.toml for updates
[18Feb2025 22:37:31.569] [modloading-worker-0/INFO] [crust/configs/]: First-time loading config file config/SpecialMobs/creepers/sand_creepers.toml
[18Feb2025 22:37:31.573] [modloading-worker-0/INFO] [crust/configs/]: Started watching config file config/SpecialMobs/creepers/sand_creepers.toml for updates
[18Feb2025 22:37:31.582] [modloading-worker-0/INFO] [crust/configs/]: First-time loading config file config/SpecialMobs/creepers/scope_creepers.toml
[18Feb2025 22:37:31.619] [modloading-worker-0/INFO] [crust/configs/]: Started watching config file config/SpecialMobs/creepers/scope_creepers.toml for updates
[18Feb2025 22:37:31.651] [modloading-worker-0/INFO] [crust/configs/]: First-time loading config file config/SpecialMobs/creepers/snow_creepers.toml
[18Feb2025 22:37:31.693] [modloading-worker-0/INFO] [crust/configs/]: Started watching config file config/SpecialMobs/creepers/snow_creepers.toml for updates
[18Feb2025 22:37:31.713] [modloading-worker-0/INFO] [crust/configs/]: First-time loading config file config/SpecialMobs/creepers/skeleton_creepers.toml
[18Feb2025 22:37:31.718] [modloading-worker-0/INFO] [crust/configs/]: Started watching config file config/SpecialMobs/creepers/skeleton_creepers.toml for updates
[18Feb2025 22:37:31.728] [modloading-worker-0/INFO] [crust/configs/]: First-time loading config file config/SpecialMobs/creepers/splitting_creepers.toml
[18Feb2025 22:37:31.758] [modloading-worker-0/INFO] [crust/configs/]: Started watching config file config/SpecialMobs/creepers/splitting_creepers.toml for updates
[18Feb2025 22:37:31.786] [modloading-worker-0/INFO] [crust/configs/]: First-time loading config file config/SpecialMobs/creepers/_family_of_creepers.toml
[18Feb2025 22:37:31.792] [modloading-worker-0/INFO] [crust/configs/]: Started watching config file config/SpecialMobs/creepers/_family_of_creepers.toml for updates
[18Feb2025 22:37:31.820] [modloading-worker-0/INFO] [crust/configs/]: First-time loading config file config/SpecialMobs/zombies/_normal_zombies.toml
[18Feb2025 22:37:31.831] [modloading-worker-0/INFO] [crust/configs/]: Started watching config file config/SpecialMobs/zombies/_normal_zombies.toml for updates
[18Feb2025 22:37:31.833] [modloading-worker-0/INFO] [crust/configs/]: First-time loading config file config/SpecialMobs/zombies/brute_zombies.toml
[18Feb2025 22:37:31.836] [modloading-worker-0/INFO] [crust/configs/]: Started watching config file config/SpecialMobs/zombies/brute_zombies.toml for updates
[18Feb2025 22:37:31.839] [modloading-worker-0/INFO] [crust/configs/]: First-time loading config file config/SpecialMobs/zombies/fire_zombies.toml
[18Feb2025 22:37:31.841] [modloading-worker-0/INFO] [crust/configs/]: Started watching config file config/SpecialMobs/zombies/fire_zombies.toml for updates
[18Feb2025 22:37:31.845] [modloading-worker-0/INFO] [crust/configs/]: First-time loading config file config/SpecialMobs/zombies/fishing_zombies.toml
[18Feb2025 22:37:31.850] [modloading-worker-0/INFO] [crust/configs/]: Started watching config file config/SpecialMobs/zombies/fishing_zombies.toml for updates
[18Feb2025 22:37:31.853] [modloading-worker-0/INFO] [crust/configs/]: First-time loading config file config/SpecialMobs/zombies/frozen_zombies.toml
[18Feb2025 22:37:31.861] [modloading-worker-0/INFO] [crust/configs/]: Started watching config file config/SpecialMobs/zombies/frozen_zombies.toml for updates
[18Feb2025 22:37:31.867] [modloading-worker-0/INFO] [crust/configs/]: First-time loading config file config/SpecialMobs/zombies/giant_zombies.toml
[18Feb2025 22:37:31.869] [modloading-worker-0/INFO] [crust/configs/]: Started watching config file config/SpecialMobs/zombies/giant_zombies.toml for updates
[18Feb2025 22:37:31.875] [modloading-worker-0/INFO] [crust/configs/]: First-time loading config file config/SpecialMobs/zombies/hungry_zombies.toml
[18Feb2025 22:37:31.880] [modloading-worker-0/INFO] [crust/configs/]: Started watching config file config/SpecialMobs/zombies/hungry_zombies.toml for updates
[18Feb2025 22:37:31.912] [modloading-worker-0/INFO] [crust/configs/]: First-time loading config file config/SpecialMobs/zombies/husk_zombies.toml
[18Feb2025 22:37:31.916] [modloading-worker-0/INFO] [crust/configs/]: Started watching config file config/SpecialMobs/zombies/husk_zombies.toml for updates
[18Feb2025 22:37:31.922] [modloading-worker-0/INFO] [crust/configs/]: First-time loading config file config/SpecialMobs/zombies/mad_scientist_zombies.toml
[18Feb2025 22:37:31.939] [modloading-worker-0/INFO] [crust/configs/]: Started watching config file config/SpecialMobs/zombies/mad_scientist_zombies.toml for updates
[18Feb2025 22:37:31.947] [modloading-worker-0/INFO] [crust/configs/]: First-time loading config file config/SpecialMobs/zombies/plague_zombies.toml
[18Feb2025 22:37:31.951] [modloading-worker-0/INFO] [crust/configs/]: Started watching config file config/SpecialMobs/zombies/plague_zombies.toml for updates
[18Feb2025 22:37:31.955] [modloading-worker-0/INFO] [crust/configs/]: First-time loading config file config/SpecialMobs/zombies/_family_of_zombies.toml
[18Feb2025 22:37:31.960] [modloading-worker-0/INFO] [crust/configs/]: Started watching config file config/SpecialMobs/zombies/_family_of_zombies.toml for updates
[18Feb2025 22:37:31.972] [modloading-worker-0/INFO] [crust/configs/]: First-time loading config file config/SpecialMobs/drowned/_normal_drowned.toml
[18Feb2025 22:37:31.978] [modloading-worker-0/INFO] [crust/configs/]: Started watching config file config/SpecialMobs/drowned/_normal_drowned.toml for updates
[18Feb2025 22:37:31.981] [modloading-worker-0/INFO] [crust/configs/]: First-time loading config file config/SpecialMobs/drowned/abyssal_drowned.toml
[18Feb2025 22:37:31.987] [modloading-worker-0/INFO] [crust/configs/]: Started watching config file config/SpecialMobs/drowned/abyssal_drowned.toml for updates
[18Feb2025 22:37:31.992] [modloading-worker-0/INFO] [crust/configs/]: First-time loading config file config/SpecialMobs/drowned/brute_drowned.toml
[18Feb2025 22:37:31.999] [modloading-worker-0/INFO] [crust/configs/]: Started watching config file config/SpecialMobs/drowned/brute_drowned.toml for updates
[18Feb2025 22:37:32.004] [modloading-worker-0/INFO] [crust/configs/]: First-time loading config file config/SpecialMobs/drowned/fishing_drowned.toml
[18Feb2025 22:37:32.009] [modloading-worker-0/INFO] [crust/configs/]: Started watching config file config/SpecialMobs/drowned/fishing_drowned.toml for updates
[18Feb2025 22:37:32.015] [modloading-worker-0/INFO] [crust/configs/]: First-time loading config file config/SpecialMobs/drowned/frozen_drowned.toml
[18Feb2025 22:37:32.017] [modloading-worker-0/INFO] [crust/configs/]: Started watching config file config/SpecialMobs/drowned/frozen_drowned.toml for updates
[18Feb2025 22:37:32.026] [modloading-worker-0/INFO] [crust/configs/]: First-time loading config file config/SpecialMobs/drowned/giant_drowned.toml
[18Feb2025 22:37:32.030] [modloading-worker-0/INFO] [crust/configs/]: Started watching config file config/SpecialMobs/drowned/giant_drowned.toml for updates
[18Feb2025 22:37:32.032] [modloading-worker-0/INFO] [Mystical Agriculture/]: Registered plugin: com.blakebr0.mysticalagriculture.lib.ModCorePlugin
[18Feb2025 22:37:32.040] [modloading-worker-0/INFO] [crust/configs/]: First-time loading config file config/SpecialMobs/drowned/hungry_drowned.toml
[18Feb2025 22:37:32.049] [modloading-worker-0/INFO] [crust/configs/]: Started watching config file config/SpecialMobs/drowned/hungry_drowned.toml for updates
[18Feb2025 22:37:32.052] [modloading-worker-0/INFO] [crust/configs/]: First-time loading config file config/SpecialMobs/drowned/knight_drowned.toml
[18Feb2025 22:37:32.065] [modloading-worker-0/INFO] [crust/configs/]: Started watching config file config/SpecialMobs/drowned/knight_drowned.toml for updates
[18Feb2025 22:37:32.073] [modloading-worker-0/INFO] [crust/configs/]: First-time loading config file config/SpecialMobs/drowned/plague_drowned.toml
[18Feb2025 22:37:32.082] [modloading-worker-0/INFO] [crust/configs/]: Started watching config file config/SpecialMobs/drowned/plague_drowned.toml for updates
[18Feb2025 22:37:32.084] [modloading-worker-0/INFO] [Mystical Agriculture/]: Loaded 1 plugins
[18Feb2025 22:37:32.086] [modloading-worker-0/INFO] [crust/configs/]: First-time loading config file config/SpecialMobs/drowned/_family_of_drowned.toml
[18Feb2025 22:37:32.093] [modloading-worker-0/INFO] [crust/configs/]: Started watching config file config/SpecialMobs/drowned/_family_of_drowned.toml for updates
[18Feb2025 22:37:32.118] [modloading-worker-0/INFO] [crust/configs/]: First-time loading config file config/SpecialMobs/zombified_piglins/_normal_zombified_piglins.toml
[18Feb2025 22:37:32.151] [modloading-worker-0/INFO] [crust/configs/]: Started watching config file config/SpecialMobs/zombified_piglins/_normal_zombified_piglins.toml for updates
[18Feb2025 22:37:32.156] [modloading-worker-0/INFO] [crust/configs/]: First-time loading config file config/SpecialMobs/zombified_piglins/brute_zombified_piglins.toml
[18Feb2025 22:37:32.162] [modloading-worker-0/INFO] [crust/configs/]: Started watching config file config/SpecialMobs/zombified_piglins/brute_zombified_piglins.toml for updates
[18Feb2025 22:37:32.173] [modloading-worker-0/INFO] [crust/configs/]: First-time loading config file config/SpecialMobs/zombified_piglins/fishing_zombified_piglins.toml
[18Feb2025 22:37:32.180] [modloading-worker-0/INFO] [crust/configs/]: Started watching config file config/SpecialMobs/zombified_piglins/fishing_zombified_piglins.toml for updates
[18Feb2025 22:37:32.189] [modloading-worker-0/INFO] [crust/configs/]: First-time loading config file config/SpecialMobs/zombified_piglins/giant_zombified_piglins.toml
[18Feb2025 22:37:32.196] [modloading-worker-0/INFO] [crust/configs/]: Started watching config file config/SpecialMobs/zombified_piglins/giant_zombified_piglins.toml for updates
[18Feb2025 22:37:32.205] [modloading-worker-0/INFO] [crust/configs/]: First-time loading config file config/SpecialMobs/zombified_piglins/hungry_zombified_piglins.toml
[18Feb2025 22:37:32.214] [modloading-worker-0/INFO] [crust/configs/]: Started watching config file config/SpecialMobs/zombified_piglins/hungry_zombified_piglins.toml for updates
[18Feb2025 22:37:32.227] [modloading-worker-0/INFO] [crust/configs/]: First-time loading config file config/SpecialMobs/zombified_piglins/knight_zombified_piglins.toml
[18Feb2025 22:37:32.237] [modloading-worker-0/INFO] [crust/configs/]: Started watching config file config/SpecialMobs/zombified_piglins/knight_zombified_piglins.toml for updates
[18Feb2025 22:37:32.251] [modloading-worker-0/INFO] [crust/configs/]: First-time loading config file config/SpecialMobs/zombified_piglins/plague_zombified_piglins.toml
[18Feb2025 22:37:32.259] [modloading-worker-0/INFO] [crust/configs/]: Started watching config file config/SpecialMobs/zombified_piglins/plague_zombified_piglins.toml for updates
[18Feb2025 22:37:32.272] [modloading-worker-0/INFO] [crust/configs/]: First-time loading config file config/SpecialMobs/zombified_piglins/vampire_zombified_piglins.toml
[18Feb2025 22:37:32.281] [modloading-worker-0/INFO] [crust/configs/]: Started watching config file config/SpecialMobs/zombified_piglins/vampire_zombified_piglins.toml for updates
[18Feb2025 22:37:32.284] [modloading-worker-0/INFO] [crust/configs/]: First-time loading config file config/SpecialMobs/zombified_piglins/_family_of_zombified_piglins.toml
[18Feb2025 22:37:32.292] [modloading-worker-0/INFO] [crust/configs/]: Started watching config file config/SpecialMobs/zombified_piglins/_family_of_zombified_piglins.toml for updates
[18Feb2025 22:37:32.310] [modloading-worker-0/INFO] [crust/configs/]: First-time loading config file config/SpecialMobs/skeletons/_normal_skeletons.toml
[18Feb2025 22:37:32.328] [modloading-worker-0/INFO] [crust/configs/]: Started watching config file config/SpecialMobs/skeletons/_normal_skeletons.toml for updates
[18Feb2025 22:37:32.331] [modloading-worker-0/INFO] [crust/configs/]: First-time loading config file config/SpecialMobs/skeletons/brute_skeletons.toml
[18Feb2025 22:37:32.336] [modloading-worker-0/INFO] [crust/configs/]: Started watching config file config/SpecialMobs/skeletons/brute_skeletons.toml for updates
[18Feb2025 22:37:32.345] [modloading-worker-0/INFO] [crust/configs/]: First-time loading config file config/SpecialMobs/skeletons/fire_skeletons.toml
[18Feb2025 22:37:32.352] [modloading-worker-0/INFO] [crust/configs/]: Started watching config file config/SpecialMobs/skeletons/fire_skeletons.toml for updates
[18Feb2025 22:37:32.359] [modloading-worker-0/INFO] [crust/configs/]: First-time loading config file config/SpecialMobs/skeletons/gatling_skeletons.toml
[18Feb2025 22:37:32.365] [modloading-worker-0/INFO] [crust/configs/]: Started watching config file config/SpecialMobs/skeletons/gatling_skeletons.toml for updates
[18Feb2025 22:37:32.376] [modloading-worker-0/INFO] [crust/configs/]: First-time loading config file config/SpecialMobs/skeletons/giant_skeletons.toml
[18Feb2025 22:37:32.381] [modloading-worker-0/INFO] [crust/configs/]: Started watching config file config/SpecialMobs/skeletons/giant_skeletons.toml for updates
[18Feb2025 22:37:32.389] [modloading-worker-0/INFO] [crust/configs/]: First-time loading config file config/SpecialMobs/skeletons/knight_skeletons.toml
[18Feb2025 22:37:32.394] [modloading-worker-0/INFO] [crust/configs/]: Started watching config file config/SpecialMobs/skeletons/knight_skeletons.toml for updates
[18Feb2025 22:37:32.423] [modloading-worker-0/INFO] [crust/configs/]: First-time loading config file config/SpecialMobs/skeletons/ninja_skeletons.toml
[18Feb2025 22:37:32.432] [modloading-worker-0/INFO] [crust/configs/]: Started watching config file config/SpecialMobs/skeletons/ninja_skeletons.toml for updates
[18Feb2025 22:37:32.446] [modloading-worker-0/INFO] [crust/configs/]: First-time loading config file config/SpecialMobs/skeletons/pirate_skeletons.toml
[18Feb2025 22:37:32.460] [modloading-worker-0/INFO] [crust/configs/]: Started watching config file config/SpecialMobs/skeletons/pirate_skeletons.toml for updates
[18Feb2025 22:37:32.464] [modloading-worker-0/INFO] [crust/configs/]: First-time loading config file config/SpecialMobs/skeletons/poison_skeletons.toml
[18Feb2025 22:37:32.471] [modloading-worker-0/INFO] [crust/configs/]: Started watching config file config/SpecialMobs/skeletons/poison_skeletons.toml for updates
[18Feb2025 22:37:32.481] [modloading-worker-0/INFO] [crust/configs/]: First-time loading config file config/SpecialMobs/skeletons/sniper_skeletons.toml
[18Feb2025 22:37:32.489] [modloading-worker-0/INFO] [crust/configs/]: Started watching config file config/SpecialMobs/skeletons/sniper_skeletons.toml for updates
[18Feb2025 22:37:32.497] [modloading-worker-0/INFO] [crust/configs/]: First-time loading config file config/SpecialMobs/skeletons/spitfire_skeletons.toml
[18Feb2025 22:37:32.502] [modloading-worker-0/INFO] [crust/configs/]: Started watching config file config/SpecialMobs/skeletons/spitfire_skeletons.toml for updates
[18Feb2025 22:37:32.521] [modloading-worker-0/INFO] [crust/configs/]: First-time loading config file config/SpecialMobs/skeletons/stray_skeletons.toml
[18Feb2025 22:37:32.531] [modloading-worker-0/INFO] [crust/configs/]: Started watching config file config/SpecialMobs/skeletons/stray_skeletons.toml for updates
[18Feb2025 22:37:32.541] [modloading-worker-0/INFO] [crust/configs/]: First-time loading config file config/SpecialMobs/skeletons/weathered_skeletons.toml
[18Feb2025 22:37:32.545] [modloading-worker-0/INFO] [crust/configs/]: Started watching config file config/SpecialMobs/skeletons/weathered_skeletons.toml for updates
[18Feb2025 22:37:32.556] [modloading-worker-0/INFO] [crust/configs/]: First-time loading config file config/SpecialMobs/skeletons/_family_of_skeletons.toml
[18Feb2025 22:37:32.572] [modloading-worker-0/INFO] [crust/configs/]: Started watching config file config/SpecialMobs/skeletons/_family_of_skeletons.toml for updates
[18Feb2025 22:37:32.589] [modloading-worker-0/INFO] [crust/configs/]: First-time loading config file config/SpecialMobs/wither_skeletons/_normal_wither_skeletons.toml
[18Feb2025 22:37:32.606] [modloading-worker-0/INFO] [crust/configs/]: Started watching config file config/SpecialMobs/wither_skeletons/_normal_wither_skeletons.toml for updates
[18Feb2025 22:37:32.610] [modloading-worker-0/INFO] [crust/configs/]: First-time loading config file config/SpecialMobs/wither_skeletons/brute_wither_skeletons.toml
[18Feb2025 22:37:32.628] [modloading-worker-0/INFO] [crust/configs/]: Started watching config file config/SpecialMobs/wither_skeletons/brute_wither_skeletons.toml for updates
[18Feb2025 22:37:32.636] [modloading-worker-0/INFO] [crust/configs/]: First-time loading config file config/SpecialMobs/wither_skeletons/gatling_wither_skeletons.toml
[18Feb2025 22:37:32.647] [modloading-worker-0/INFO] [crust/configs/]: Started watching config file config/SpecialMobs/wither_skeletons/gatling_wither_skeletons.toml for updates
[18Feb2025 22:37:32.649] [modloading-worker-0/INFO] [libIPN/]: [libIPN] libIPN - init in Kotlin
[18Feb2025 22:37:32.655] [modloading-worker-0/INFO] [crust/configs/]: First-time loading config file config/SpecialMobs/wither_skeletons/giant_wither_skeletons.toml
[18Feb2025 22:37:32.680] [modloading-worker-0/INFO] [crust/configs/]: Started watching config file config/SpecialMobs/wither_skeletons/giant_wither_skeletons.toml for updates
[18Feb2025 22:37:32.682] [modloading-worker-0/INFO] [crust/configs/]: First-time loading config file config/SpecialMobs/wither_skeletons/knight_wither_skeletons.toml
[18Feb2025 22:37:32.687] [modloading-worker-0/INFO] [crust/configs/]: Started watching config file config/SpecialMobs/wither_skeletons/knight_wither_skeletons.toml for updates
[18Feb2025 22:37:32.694] [modloading-worker-0/INFO] [crust/configs/]: First-time loading config file config/SpecialMobs/wither_skeletons/ninja_wither_skeletons.toml
[18Feb2025 22:37:32.704] [modloading-worker-0/INFO] [crust/configs/]: Started watching config file config/SpecialMobs/wither_skeletons/ninja_wither_skeletons.toml for updates
[18Feb2025 22:37:32.714] [modloading-worker-0/INFO] [crust/configs/]: First-time loading config file config/SpecialMobs/wither_skeletons/sniper_wither_skeletons.toml
[18Feb2025 22:37:32.725] [modloading-worker-0/INFO] [crust/configs/]: Started watching config file config/SpecialMobs/wither_skeletons/sniper_wither_skeletons.toml for updates
[18Feb2025 22:37:32.734] [modloading-worker-0/INFO] [crust/configs/]: First-time loading config file config/SpecialMobs/wither_skeletons/spitfire_wither_skeletons.toml
[18Feb2025 22:37:32.743] [modloading-worker-0/INFO] [crust/configs/]: Started watching config file config/SpecialMobs/wither_skeletons/spitfire_wither_skeletons.toml for updates
[18Feb2025 22:37:32.745] [modloading-worker-0/INFO] [crust/configs/]: First-time loading config file config/SpecialMobs/wither_skeletons/_family_of_wither_skeletons.toml
[18Feb2025 22:37:32.752] [modloading-worker-0/INFO] [crust/configs/]: Started watching config file config/SpecialMobs/wither_skeletons/_family_of_wither_skeletons.toml for updates
[18Feb2025 22:37:32.780] [modloading-worker-0/INFO] [crust/configs/]: First-time loading config file config/SpecialMobs/slimes/_normal_slimes.toml
[18Feb2025 22:37:32.795] [modloading-worker-0/INFO] [crust/configs/]: Started watching config file config/SpecialMobs/slimes/_normal_slimes.toml for updates
[18Feb2025 22:37:32.812] [modloading-worker-0/INFO] [crust/configs/]: First-time loading config file config/SpecialMobs/slimes/blackberry_slimes.toml
[18Feb2025 22:37:32.820] [modloading-worker-0/INFO] [crust/configs/]: Started watching config file config/SpecialMobs/slimes/blackberry_slimes.toml for updates
[18Feb2025 22:37:32.844] [modloading-worker-0/INFO] [crust/configs/]: First-time loading config file config/SpecialMobs/slimes/blueberry_slimes.toml
[18Feb2025 22:37:32.851] [modloading-worker-0/INFO] [crust/configs/]: Started watching config file config/SpecialMobs/slimes/blueberry_slimes.toml for updates
[18Feb2025 22:37:32.856] [modloading-worker-0/INFO] [crust/configs/]: First-time loading config file config/SpecialMobs/slimes/caramel_slimes.toml
[18Feb2025 22:37:32.861] [modloading-worker-0/INFO] [crust/configs/]: Started watching config file config/SpecialMobs/slimes/caramel_slimes.toml for updates
[18Feb2025 22:37:32.865] [modloading-worker-0/INFO] [crust/configs/]: First-time loading config file config/SpecialMobs/slimes/frozen_slimes.toml
[18Feb2025 22:37:32.868] [modloading-worker-0/INFO] [crust/configs/]: Started watching config file config/SpecialMobs/slimes/frozen_slimes.toml for updates
[18Feb2025 22:37:32.871] [modloading-worker-0/INFO] [crust/configs/]: First-time loading config file config/SpecialMobs/slimes/grape_slimes.toml
[18Feb2025 22:37:32.874] [modloading-worker-0/INFO] [crust/configs/]: Started watching config file config/SpecialMobs/slimes/grape_slimes.toml for updates
[18Feb2025 22:37:32.879] [modloading-worker-0/INFO] [crust/configs/]: First-time loading config file config/SpecialMobs/slimes/lemon_slimes.toml
[18Feb2025 22:37:32.881] [modloading-worker-0/INFO] [crust/configs/]: Started watching config file config/SpecialMobs/slimes/lemon_slimes.toml for updates
[18Feb2025 22:37:32.887] [modloading-worker-0/INFO] [crust/configs/]: First-time loading config file config/SpecialMobs/slimes/potion_slimes.toml
[18Feb2025 22:37:32.900] [modloading-worker-0/INFO] [crust/configs/]: Started watching config file config/SpecialMobs/slimes/potion_slimes.toml for updates
[18Feb2025 22:37:32.909] [modloading-worker-0/INFO] [crust/configs/]: First-time loading config file config/SpecialMobs/slimes/strawberry_slimes.toml
[18Feb2025 22:37:32.914] [modloading-worker-0/INFO] [crust/configs/]: Started watching config file config/SpecialMobs/slimes/strawberry_slimes.toml for updates
[18Feb2025 22:37:32.921] [modloading-worker-0/INFO] [crust/configs/]: First-time loading config file config/SpecialMobs/slimes/watermelon_slimes.toml
[18Feb2025 22:37:32.925] [modloading-worker-0/INFO] [crust/configs/]: Started watching config file config/SpecialMobs/slimes/watermelon_slimes.toml for updates
[18Feb2025 22:37:32.928] [modloading-worker-0/INFO] [crust/configs/]: First-time loading config file config/SpecialMobs/slimes/_family_of_slimes.toml
[18Feb2025 22:37:32.931] [modloading-worker-0/INFO] [crust/configs/]: Started watching config file config/SpecialMobs/slimes/_family_of_slimes.toml for updates
[18Feb2025 22:37:32.943] [modloading-worker-0/INFO] [crust/configs/]: First-time loading config file config/SpecialMobs/magma_cubes/_normal_magma_cubes.toml
[18Feb2025 22:37:32.945] [modloading-worker-0/INFO] [crust/configs/]: Started watching config file config/SpecialMobs/magma_cubes/_normal_magma_cubes.toml for updates
[18Feb2025 22:37:32.947] [modloading-worker-0/INFO] [crust/configs/]: First-time loading config file config/SpecialMobs/magma_cubes/bouncing_magma_cubes.toml
[18Feb2025 22:37:32.949] [modloading-worker-0/INFO] [crust/configs/]: Started watching config file config/SpecialMobs/magma_cubes/bouncing_magma_cubes.toml for updates
[18Feb2025 22:37:32.951] [modloading-worker-0/INFO] [crust/configs/]: First-time loading config file config/SpecialMobs/magma_cubes/hardened_magma_cubes.toml
[18Feb2025 22:37:32.953] [modloading-worker-0/INFO] [crust/configs/]: Started watching config file config/SpecialMobs/magma_cubes/hardened_magma_cubes.toml for updates
[18Feb2025 22:37:32.956] [modloading-worker-0/INFO] [crust/configs/]: First-time loading config file config/SpecialMobs/magma_cubes/sticky_magma_cubes.toml
[18Feb2025 22:37:32.957] [modloading-worker-0/INFO] [crust/configs/]: Started watching config file config/SpecialMobs/magma_cubes/sticky_magma_cubes.toml for updates
[18Feb2025 22:37:32.960] [modloading-worker-0/INFO] [crust/configs/]: First-time loading config file config/SpecialMobs/magma_cubes/volatile_magma_cubes.toml
[18Feb2025 22:37:32.961] [modloading-worker-0/INFO] [crust/configs/]: Started watching config file config/SpecialMobs/magma_cubes/volatile_magma_cubes.toml for updates
[18Feb2025 22:37:32.962] [modloading-worker-0/INFO] [crust/configs/]: First-time loading config file config/SpecialMobs/magma_cubes/_family_of_magma_cubes.toml
[18Feb2025 22:37:32.964] [modloading-worker-0/INFO] [crust/configs/]: Started watching config file config/SpecialMobs/magma_cubes/_family_of_magma_cubes.toml for updates
[18Feb2025 22:37:33.105] [modloading-worker-0/INFO] [crust/configs/]: First-time loading config file config/SpecialMobs/spiders/_normal_spiders.toml
[18Feb2025 22:37:33.160] [modloading-worker-0/INFO] [crust/configs/]: Started watching config file config/SpecialMobs/spiders/_normal_spiders.toml for updates
[18Feb2025 22:37:33.162] [modloading-worker-0/INFO] [crust/configs/]: First-time loading config file config/SpecialMobs/spiders/baby_spiders.toml
[18Feb2025 22:37:33.164] [modloading-worker-0/INFO] [crust/configs/]: Started watching config file config/SpecialMobs/spiders/baby_spiders.toml for updates
[18Feb2025 22:37:33.166] [modloading-worker-0/INFO] [Spartan Shields/]: Constructing Mod: Spartan Shields
[18Feb2025 22:37:33.167] [modloading-worker-0/INFO] [crust/configs/]: First-time loading config file config/SpecialMobs/spiders/desert_spiders.toml
[18Feb2025 22:37:33.176] [modloading-worker-0/INFO] [crust/configs/]: Started watching config file config/SpecialMobs/spiders/desert_spiders.toml for updates
[18Feb2025 22:37:33.178] [modloading-worker-0/INFO] [crust/configs/]: First-time loading config file config/SpecialMobs/spiders/fire_spiders.toml
[18Feb2025 22:37:33.180] [modloading-worker-0/INFO] [crust/configs/]: Started watching config file config/SpecialMobs/spiders/fire_spiders.toml for updates
[18Feb2025 22:37:33.182] [modloading-worker-0/INFO] [crust/configs/]: First-time loading config file config/SpecialMobs/spiders/flying_spiders.toml
[18Feb2025 22:37:33.184] [modloading-worker-0/INFO] [crust/configs/]: Started watching config file config/SpecialMobs/spiders/flying_spiders.toml for updates
[18Feb2025 22:37:33.185] [modloading-worker-0/INFO] [crust/configs/]: First-time loading config file config/SpecialMobs/spiders/giant_spiders.toml
[18Feb2025 22:37:33.187] [modloading-worker-0/INFO] [crust/configs/]: Started watching config file config/SpecialMobs/spiders/giant_spiders.toml for updates
[18Feb2025 22:37:33.189] [modloading-worker-0/INFO] [crust/configs/]: First-time loading config file config/SpecialMobs/spiders/hungry_spiders.toml
[18Feb2025 22:37:33.191] [modloading-worker-0/INFO] [crust/configs/]: Started watching config file config/SpecialMobs/spiders/hungry_spiders.toml for updates
[18Feb2025 22:37:33.204] [modloading-worker-0/INFO] [crust/configs/]: First-time loading config file config/SpecialMobs/spiders/mother_spiders.toml
[18Feb2025 22:37:33.214] [modloading-worker-0/INFO] [crust/configs/]: Started watching config file config/SpecialMobs/spiders/mother_spiders.toml for updates
[18Feb2025 22:37:33.216] [modloading-worker-0/INFO] [crust/configs/]: First-time loading config file config/SpecialMobs/spiders/pale_spiders.toml
[18Feb2025 22:37:33.231] [modloading-worker-0/INFO] [crust/configs/]: Started watching config file config/SpecialMobs/spiders/pale_spiders.toml for updates
[18Feb2025 22:37:33.234] [modloading-worker-0/INFO] [crust/configs/]: First-time loading config file config/SpecialMobs/spiders/poison_spiders.toml
[18Feb2025 22:37:33.242] [modloading-worker-0/INFO] [crust/configs/]: Started watching config file config/SpecialMobs/spiders/poison_spiders.toml for updates
[18Feb2025 22:37:33.245] [modloading-worker-0/INFO] [crust/configs/]: First-time loading config file config/SpecialMobs/spiders/water_spiders.toml
[18Feb2025 22:37:33.251] [modloading-worker-0/INFO] [crust/configs/]: Started watching config file config/SpecialMobs/spiders/water_spiders.toml for updates
[18Feb2025 22:37:33.255] [modloading-worker-0/INFO] [crust/configs/]: First-time loading config file config/SpecialMobs/spiders/web_spiders.toml
[18Feb2025 22:37:33.273] [modloading-worker-0/INFO] [crust/configs/]: Started watching config file config/SpecialMobs/spiders/web_spiders.toml for updates
[18Feb2025 22:37:33.275] [modloading-worker-0/INFO] [crust/configs/]: First-time loading config file config/SpecialMobs/spiders/witch_spiders.toml
[18Feb2025 22:37:33.286] [modloading-worker-0/INFO] [crust/configs/]: Started watching config file config/SpecialMobs/spiders/witch_spiders.toml for updates
[18Feb2025 22:37:33.289] [modloading-worker-0/INFO] [crust/configs/]: First-time loading config file config/SpecialMobs/spiders/_family_of_spiders.toml
[18Feb2025 22:37:33.299] [modloading-worker-0/INFO] [crust/configs/]: Started watching config file config/SpecialMobs/spiders/_family_of_spiders.toml for updates
[18Feb2025 22:37:33.311] [modloading-worker-0/INFO] [crust/configs/]: First-time loading config file config/SpecialMobs/cave_spiders/_normal_cave_spiders.toml
[18Feb2025 22:37:33.326] [modloading-worker-0/INFO] [crust/configs/]: Started watching config file config/SpecialMobs/cave_spiders/_normal_cave_spiders.toml for updates
[18Feb2025 22:37:33.342] [modloading-worker-0/INFO] [crust/configs/]: First-time loading config file config/SpecialMobs/cave_spiders/baby_cave_spiders.toml
[18Feb2025 22:37:33.351] [modloading-worker-0/INFO] [crust/configs/]: Started watching config file config/SpecialMobs/cave_spiders/baby_cave_spiders.toml for updates
[18Feb2025 22:37:33.354] [modloading-worker-0/INFO] [crust/configs/]: First-time loading config file config/SpecialMobs/cave_spiders/desert_cave_spiders.toml
[18Feb2025 22:37:33.356] [modloading-worker-0/INFO] [crust/configs/]: Started watching config file config/SpecialMobs/cave_spiders/desert_cave_spiders.toml for updates
[18Feb2025 22:37:33.359] [modloading-worker-0/INFO] [crust/configs/]: First-time loading config file config/SpecialMobs/cave_spiders/fire_cave_spiders.toml
[18Feb2025 22:37:33.368] [modloading-worker-0/INFO] [crust/configs/]: Started watching config file config/SpecialMobs/cave_spiders/fire_cave_spiders.toml for updates
[18Feb2025 22:37:33.371] [modloading-worker-0/INFO] [crust/configs/]: First-time loading config file config/SpecialMobs/cave_spiders/flying_cave_spiders.toml
[18Feb2025 22:37:33.373] [modloading-worker-0/INFO] [crust/configs/]: Started watching config file config/SpecialMobs/cave_spiders/flying_cave_spiders.toml for updates
[18Feb2025 22:37:33.376] [modloading-worker-0/INFO] [crust/configs/]: First-time loading config file config/SpecialMobs/cave_spiders/mother_cave_spiders.toml
[18Feb2025 22:37:33.385] [modloading-worker-0/INFO] [crust/configs/]: Started watching config file config/SpecialMobs/cave_spiders/mother_cave_spiders.toml for updates
[18Feb2025 22:37:33.388] [modloading-worker-0/INFO] [crust/configs/]: First-time loading config file config/SpecialMobs/cave_spiders/pale_cave_spiders.toml
[18Feb2025 22:37:33.398] [modloading-worker-0/INFO] [crust/configs/]: Started watching config file config/SpecialMobs/cave_spiders/pale_cave_spiders.toml for updates
[18Feb2025 22:37:33.410] [modloading-worker-0/INFO] [crust/configs/]: First-time loading config file config/SpecialMobs/cave_spiders/water_cave_spiders.toml
[18Feb2025 22:37:33.412] [modloading-worker-0/INFO] [crust/configs/]: Started watching config file config/SpecialMobs/cave_spiders/water_cave_spiders.toml for updates
[18Feb2025 22:37:33.414] [modloading-worker-0/INFO] [crust/configs/]: First-time loading config file config/SpecialMobs/cave_spiders/web_cave_spiders.toml
[18Feb2025 22:37:33.416] [modloading-worker-0/INFO] [crust/configs/]: Started watching config file config/SpecialMobs/cave_spiders/web_cave_spiders.toml for updates
[18Feb2025 22:37:33.420] [modloading-worker-0/INFO] [crust/configs/]: First-time loading config file config/SpecialMobs/cave_spiders/witch_cave_spiders.toml
[18Feb2025 22:37:33.431] [modloading-worker-0/INFO] [crust/configs/]: Started watching config file config/SpecialMobs/cave_spiders/witch_cave_spiders.toml for updates
[18Feb2025 22:37:33.432] [modloading-worker-0/INFO] [crust/configs/]: First-time loading config file config/SpecialMobs/cave_spiders/_family_of_cave_spiders.toml
[18Feb2025 22:37:33.438] [modloading-worker-0/INFO] [crust/configs/]: Started watching config file config/SpecialMobs/cave_spiders/_family_of_cave_spiders.toml for updates
[18Feb2025 22:37:33.460] [modloading-worker-0/INFO] [crust/configs/]: First-time loading config file config/SpecialMobs/silverfish/_normal_silverfish.toml
[18Feb2025 22:37:33.472] [modloading-worker-0/INFO] [crust/configs/]: Started watching config file config/SpecialMobs/silverfish/_normal_silverfish.toml for updates
[18Feb2025 22:37:33.490] [modloading-worker-0/INFO] [crust/configs/]: First-time loading config file config/SpecialMobs/silverfish/albino_silverfish.toml
[18Feb2025 22:37:33.493] [modloading-worker-0/INFO] [crust/configs/]: Started watching config file config/SpecialMobs/silverfish/albino_silverfish.toml for updates
[18Feb2025 22:37:33.495] [modloading-worker-0/INFO] [crust/configs/]: First-time loading config file config/SpecialMobs/silverfish/blinding_silverfish.toml
[18Feb2025 22:37:33.497] [modloading-worker-0/INFO] [crust/configs/]: Started watching config file config/SpecialMobs/silverfish/blinding_silverfish.toml for updates
[18Feb2025 22:37:33.505] [modloading-worker-0/INFO] [crust/configs/]: First-time loading config file config/SpecialMobs/silverfish/desiccated_silverfish.toml
[18Feb2025 22:37:33.510] [modloading-worker-0/INFO] [crust/configs/]: Started watching config file config/SpecialMobs/silverfish/desiccated_silverfish.toml for updates
[18Feb2025 22:37:33.518] [modloading-worker-0/INFO] [crust/configs/]: First-time loading config file config/SpecialMobs/silverfish/fire_silverfish.toml
[18Feb2025 22:37:33.532] [modloading-worker-0/INFO] [crust/configs/]: Started watching config file config/SpecialMobs/silverfish/fire_silverfish.toml for updates
[18Feb2025 22:37:33.536] [modloading-worker-0/INFO] [crust/configs/]: First-time loading config file config/SpecialMobs/silverfish/fishing_silverfish.toml
[18Feb2025 22:37:33.538] [modloading-worker-0/INFO] [crust/configs/]: Started watching config file config/SpecialMobs/silverfish/fishing_silverfish.toml for updates
[18Feb2025 22:37:33.544] [modloading-worker-0/INFO] [crust/configs/]: First-time loading config file config/SpecialMobs/silverfish/flying_silverfish.toml
[18Feb2025 22:37:33.546] [modloading-worker-0/INFO] [crust/configs/]: Started watching config file config/SpecialMobs/silverfish/flying_silverfish.toml for updates
[18Feb2025 22:37:33.552] [modloading-worker-0/INFO] [crust/configs/]: First-time loading config file config/SpecialMobs/silverfish/poison_silverfish.toml
[18Feb2025 22:37:33.554] [modloading-worker-0/INFO] [crust/configs/]: Started watching config file config/SpecialMobs/silverfish/poison_silverfish.toml for updates
[18Feb2025 22:37:33.556] [modloading-worker-0/INFO] [crust/configs/]: First-time loading config file config/SpecialMobs/silverfish/puffer_silverfish.toml
[18Feb2025 22:37:33.566] [modloading-worker-0/INFO] [crust/configs/]: Started watching config file config/SpecialMobs/silverfish/puffer_silverfish.toml for updates
[18Feb2025 22:37:33.568] [modloading-worker-0/INFO] [crust/configs/]: First-time loading config file config/SpecialMobs/silverfish/tough_silverfish.toml
[18Feb2025 22:37:33.569] [modloading-worker-0/INFO] [crust/configs/]: Started watching config file config/SpecialMobs/silverfish/tough_silverfish.toml for updates
[18Feb2025 22:37:33.571] [modloading-worker-0/INFO] [crust/configs/]: First-time loading config file config/SpecialMobs/silverfish/_family_of_silverfish.toml
[18Feb2025 22:37:33.577] [modloading-worker-0/INFO] [crust/configs/]: Started watching config file config/SpecialMobs/silverfish/_family_of_silverfish.toml for updates
[18Feb2025 22:37:33.587] [modloading-worker-0/INFO] [crust/configs/]: First-time loading config file config/SpecialMobs/endermen/_normal_endermen.toml
[18Feb2025 22:37:33.595] [modloading-worker-0/INFO] [crust/configs/]: Started watching config file config/SpecialMobs/endermen/_normal_endermen.toml for updates
[18Feb2025 22:37:33.598] [modloading-worker-0/INFO] [crust/configs/]: First-time loading config file config/SpecialMobs/endermen/blinding_endermen.toml
[18Feb2025 22:37:33.601] [modloading-worker-0/INFO] [crust/configs/]: Started watching config file config/SpecialMobs/endermen/blinding_endermen.toml for updates
[18Feb2025 22:37:33.607] [modloading-worker-0/INFO] [crust/configs/]: First-time loading config file config/SpecialMobs/endermen/flame_endermen.toml
[18Feb2025 22:37:33.611] [modloading-worker-0/INFO] [crust/configs/]: Started watching config file config/SpecialMobs/endermen/flame_endermen.toml for updates
[18Feb2025 22:37:33.619] [modloading-worker-0/INFO] [crust/configs/]: First-time loading config file config/SpecialMobs/endermen/icy_endermen.toml
[18Feb2025 22:37:33.622] [modloading-worker-0/INFO] [crust/configs/]: Started watching config file config/SpecialMobs/endermen/icy_endermen.toml for updates
[18Feb2025 22:37:33.628] [modloading-worker-0/INFO] [crust/configs/]: First-time loading config file config/SpecialMobs/endermen/lightning_endermen.toml
[18Feb2025 22:37:33.632] [modloading-worker-0/INFO] [crust/configs/]: Started watching config file config/SpecialMobs/endermen/lightning_endermen.toml for updates
[18Feb2025 22:37:33.640] [modloading-worker-0/INFO] [crust/configs/]: First-time loading config file config/SpecialMobs/endermen/mini_endermen.toml
[18Feb2025 22:37:33.645] [modloading-worker-0/INFO] [crust/configs/]: Started watching config file config/SpecialMobs/endermen/mini_endermen.toml for updates
[18Feb2025 22:37:33.654] [modloading-worker-0/INFO] [crust/configs/]: First-time loading config file config/SpecialMobs/endermen/mirage_endermen.toml
[18Feb2025 22:37:33.658] [modloading-worker-0/INFO] [crust/configs/]: Started watching config file config/SpecialMobs/endermen/mirage_endermen.toml for updates
[18Feb2025 22:37:33.663] [modloading-worker-0/INFO] [crust/configs/]: First-time loading config file config/SpecialMobs/endermen/runic_endermen.toml
[18Feb2025 22:37:33.677] [modloading-worker-0/INFO] [crust/configs/]: Started watching config file config/SpecialMobs/endermen/runic_endermen.toml for updates
[18Feb2025 22:37:33.680] [modloading-worker-0/INFO] [crust/configs/]: First-time loading config file config/SpecialMobs/endermen/thief_endermen.toml
[18Feb2025 22:37:33.688] [modloading-worker-0/INFO] [crust/configs/]: Started watching config file config/SpecialMobs/endermen/thief_endermen.toml for updates
[18Feb2025 22:37:33.693] [modloading-worker-0/INFO] [crust/configs/]: First-time loading config file config/SpecialMobs/endermen/_family_of_endermen.toml
[18Feb2025 22:37:33.702] [modloading-worker-0/INFO] [crust/configs/]: Started watching config file config/SpecialMobs/endermen/_family_of_endermen.toml for updates
[18Feb2025 22:37:33.752] [modloading-worker-0/INFO] [YetAnotherConfigLib/]: Deserializing YACLConfig from '/workspaces/amigos/servidor_minecraft/config/yacl.json5'
[18Feb2025 22:37:34.030] [modloading-worker-0/INFO] [crust/configs/]: First-time loading config file config/SpecialMobs/witches/_normal_witches.toml
[18Feb2025 22:37:34.048] [modloading-worker-0/WARN] [de.keksuccino.justzoom.JustZoom/]: [JUST ZOOM] Disabling 'Just Zoom' since it's a client-side mod and current environment is server!
[18Feb2025 22:37:34.056] [modloading-worker-0/INFO] [crust/configs/]: Started watching config file config/SpecialMobs/witches/_normal_witches.toml for updates
[18Feb2025 22:37:34.058] [modloading-worker-0/INFO] [be.florens.expandability.ExpandAbility/]: ExpandAbility here, who dis?
[18Feb2025 22:37:34.060] [modloading-worker-0/INFO] [crust/configs/]: First-time loading config file config/SpecialMobs/witches/domination_witches.toml
[18Feb2025 22:37:34.061] [modloading-worker-0/INFO] [crust/configs/]: Started watching config file config/SpecialMobs/witches/domination_witches.toml for updates
[18Feb2025 22:37:34.064] [modloading-worker-0/INFO] [crust/configs/]: First-time loading config file config/SpecialMobs/witches/ice_witches.toml
[18Feb2025 22:37:34.065] [modloading-worker-0/INFO] [crust/configs/]: Started watching config file config/SpecialMobs/witches/ice_witches.toml for updates
[18Feb2025 22:37:34.067] [modloading-worker-0/INFO] [crust/configs/]: First-time loading config file config/SpecialMobs/witches/shadows_witches.toml
[18Feb2025 22:37:34.080] [modloading-worker-0/INFO] [crust/configs/]: Started watching config file config/SpecialMobs/witches/shadows_witches.toml for updates
[18Feb2025 22:37:34.084] [modloading-worker-0/INFO] [crust/configs/]: First-time loading config file config/SpecialMobs/witches/undead_witches.toml
[18Feb2025 22:37:34.085] [modloading-worker-0/INFO] [crust/configs/]: Started watching config file config/SpecialMobs/witches/undead_witches.toml for updates
[18Feb2025 22:37:34.091] [modloading-worker-0/INFO] [crust/configs/]: First-time loading config file config/SpecialMobs/witches/wilds_witches.toml
[18Feb2025 22:37:34.093] [modloading-worker-0/INFO] [crust/configs/]: Started watching config file config/SpecialMobs/witches/wilds_witches.toml for updates
[18Feb2025 22:37:34.096] [modloading-worker-0/INFO] [crust/configs/]: First-time loading config file config/SpecialMobs/witches/wind_witches.toml
[18Feb2025 22:37:34.109] [modloading-worker-0/INFO] [crust/configs/]: Started watching config file config/SpecialMobs/witches/wind_witches.toml for updates
[18Feb2025 22:37:34.113] [modloading-worker-0/INFO] [crust/configs/]: First-time loading config file config/SpecialMobs/witches/_family_of_witches.toml
[18Feb2025 22:37:34.115] [modloading-worker-0/INFO] [crust/configs/]: Started watching config file config/SpecialMobs/witches/_family_of_witches.toml for updates
[18Feb2025 22:37:34.119] [modloading-worker-0/INFO] [crust/configs/]: First-time loading config file config/SpecialMobs/ghasts/_normal_ghasts.toml
[18Feb2025 22:37:34.132] [modloading-worker-0/INFO] [crust/configs/]: Started watching config file config/SpecialMobs/ghasts/_normal_ghasts.toml for updates
[18Feb2025 22:37:34.134] [modloading-worker-0/INFO] [crust/configs/]: First-time loading config file config/SpecialMobs/ghasts/baby_ghasts.toml
[18Feb2025 22:37:34.135] [modloading-worker-0/INFO] [crust/configs/]: Started watching config file config/SpecialMobs/ghasts/baby_ghasts.toml for updates
[18Feb2025 22:37:34.138] [modloading-worker-0/INFO] [crust/configs/]: First-time loading config file config/SpecialMobs/ghasts/corporeal_shift_ghasts.toml
[18Feb2025 22:37:34.139] [modloading-worker-0/INFO] [crust/configs/]: Started watching config file config/SpecialMobs/ghasts/corporeal_shift_ghasts.toml for updates
[18Feb2025 22:37:34.142] [modloading-worker-0/INFO] [crust/configs/]: First-time loading config file config/SpecialMobs/ghasts/fighter_ghasts.toml
[18Feb2025 22:37:34.143] [modloading-worker-0/INFO] [crust/configs/]: Started watching config file config/SpecialMobs/ghasts/fighter_ghasts.toml for updates
[18Feb2025 22:37:34.157] [modloading-worker-0/INFO] [crust/configs/]: First-time loading config file config/SpecialMobs/ghasts/king_ghasts.toml
[18Feb2025 22:37:34.158] [modloading-worker-0/INFO] [crust/configs/]: Started watching config file config/SpecialMobs/ghasts/king_ghasts.toml for updates
[18Feb2025 22:37:34.162] [modloading-worker-0/INFO] [crust/configs/]: First-time loading config file config/SpecialMobs/ghasts/queen_ghasts.toml
[18Feb2025 22:37:34.163] [modloading-worker-0/INFO] [crust/configs/]: Started watching config file config/SpecialMobs/ghasts/queen_ghasts.toml for updates
[18Feb2025 22:37:34.165] [modloading-worker-0/INFO] [crust/configs/]: First-time loading config file config/SpecialMobs/ghasts/slab_ghasts.toml
[18Feb2025 22:37:34.176] [modloading-worker-0/INFO] [crust/configs/]: Started watching config file config/SpecialMobs/ghasts/slab_ghasts.toml for updates
[18Feb2025 22:37:34.182] [modloading-worker-0/INFO] [crust/configs/]: First-time loading config file config/SpecialMobs/ghasts/unholy_ghasts.toml
[18Feb2025 22:37:34.183] [modloading-worker-0/INFO] [crust/configs/]: Started watching config file config/SpecialMobs/ghasts/unholy_ghasts.toml for updates
[18Feb2025 22:37:34.184] [modloading-worker-0/INFO] [crust/configs/]: First-time loading config file config/SpecialMobs/ghasts/_family_of_ghasts.toml
[18Feb2025 22:37:34.185] [modloading-worker-0/INFO] [crust/configs/]: Started watching config file config/SpecialMobs/ghasts/_family_of_ghasts.toml for updates
[18Feb2025 22:37:34.190] [modloading-worker-0/INFO] [crust/configs/]: First-time loading config file config/SpecialMobs/blazes/_normal_blazes.toml
[18Feb2025 22:37:34.216] [modloading-worker-0/INFO] [crust/configs/]: Started watching config file config/SpecialMobs/blazes/_normal_blazes.toml for updates
[18Feb2025 22:37:34.220] [modloading-worker-0/INFO] [crust/configs/]: First-time loading config file config/SpecialMobs/blazes/armored_blazes.toml
[18Feb2025 22:37:34.222] [modloading-worker-0/INFO] [crust/configs/]: Started watching config file config/SpecialMobs/blazes/armored_blazes.toml for updates
[18Feb2025 22:37:34.225] [modloading-worker-0/INFO] [crust/configs/]: First-time loading config file config/SpecialMobs/blazes/cinder_blazes.toml
[18Feb2025 22:37:34.227] [modloading-worker-0/INFO] [crust/configs/]: Started watching config file config/SpecialMobs/blazes/cinder_blazes.toml for updates
[18Feb2025 22:37:34.237] [modloading-worker-0/INFO] [crust/configs/]: First-time loading config file config/SpecialMobs/blazes/conflagration_blazes.toml
[18Feb2025 22:37:34.238] [modloading-worker-0/INFO] [crust/configs/]: Started watching config file config/SpecialMobs/blazes/conflagration_blazes.toml for updates
[18Feb2025 22:37:34.240] [modloading-worker-0/INFO] [crust/configs/]: First-time loading config file config/SpecialMobs/blazes/ember_blazes.toml
[18Feb2025 22:37:34.243] [modloading-worker-0/INFO] [crust/configs/]: Started watching config file config/SpecialMobs/blazes/ember_blazes.toml for updates
[18Feb2025 22:37:34.254] [modloading-worker-0/INFO] [crust/configs/]: First-time loading config file config/SpecialMobs/blazes/hellfire_blazes.toml
[18Feb2025 22:37:34.257] [modloading-worker-0/INFO] [crust/configs/]: Started watching config file config/SpecialMobs/blazes/hellfire_blazes.toml for updates
[18Feb2025 22:37:34.260] [modloading-worker-0/INFO] [crust/configs/]: First-time loading config file config/SpecialMobs/blazes/inferno_blazes.toml
[18Feb2025 22:37:34.264] [modloading-worker-0/INFO] [crust/configs/]: Started watching config file config/SpecialMobs/blazes/inferno_blazes.toml for updates
[18Feb2025 22:37:34.269] [modloading-worker-0/INFO] [crust/configs/]: First-time loading config file config/SpecialMobs/blazes/jolt_blazes.toml
[18Feb2025 22:37:34.273] [modloading-worker-0/INFO] [crust/configs/]: Started watching config file config/SpecialMobs/blazes/jolt_blazes.toml for updates
[18Feb2025 22:37:34.279] [modloading-worker-0/INFO] [crust/configs/]: First-time loading config file config/SpecialMobs/blazes/wildfire_blazes.toml
[18Feb2025 22:37:34.281] [modloading-worker-0/INFO] [crust/configs/]: Started watching config file config/SpecialMobs/blazes/wildfire_blazes.toml for updates
[18Feb2025 22:37:34.282] [modloading-worker-0/INFO] [crust/configs/]: First-time loading config file config/SpecialMobs/blazes/_family_of_blazes.toml
[18Feb2025 22:37:34.283] [modloading-worker-0/INFO] [crust/configs/]: Started watching config file config/SpecialMobs/blazes/_family_of_blazes.toml for updates
[18Feb2025 22:37:34.573] [main/INFO] [net.minecraft.server.packs.resources.ReloadableResourceManager/]: Reloading ResourceManager: mod_resources
[18Feb2025 22:37:35.892] [main/INFO] [dev.gigaherz.jsonthings.things.parsers.SoundEventParser/]: Started registering SoundEvent things, errors about unexpected registry domains are harmless...
[18Feb2025 22:37:35.893] [main/INFO] [dev.gigaherz.jsonthings.things.parsers.SoundEventParser/]: Done processing thingpack SoundEvents.
[18Feb2025 22:37:35.942] [main/INFO] [dev.gigaherz.jsonthings.things.parsers.FluidParser/]: Started registering Fluid things, errors about unexpected registry domains are harmless...
[18Feb2025 22:37:35.948] [main/INFO] [dev.gigaherz.jsonthings.things.parsers.FluidParser/]: Done processing thingpack Fluids.
[18Feb2025 22:37:36.271] [main/INFO] [dev.gigaherz.jsonthings.things.parsers.BlockParser/]: Started registering Block things, errors about unexpected registry domains are harmless...
[18Feb2025 22:37:36.277] [main/INFO] [dev.gigaherz.jsonthings.things.parsers.BlockParser/]: Done processing thingpack Blocks.
[18Feb2025 22:37:38.704] [main/INFO] [dev.gigaherz.jsonthings.things.parsers.ItemParser/]: Started registering Item things, errors about unexpected registry domains are harmless...
[18Feb2025 22:37:38.743] [main/INFO] [dev.gigaherz.jsonthings.things.parsers.ItemParser/]: Done processing thingpack Items.
[18Feb2025 22:37:40.554] [main/WARN] [dev.architectury.registry.registries.forge.RegistrarManagerImpl/]: Registry entry listened Registry Entry [minecraft:entity_type / artifacts:mimic] was not realized!
[18Feb2025 22:37:40.684] [main/INFO] [dev.gigaherz.jsonthings.things.parsers.EnchantmentParser/]: Started registering Enchantment things, errors about unexpected registry domains are harmless...
[18Feb2025 22:37:40.685] [main/INFO] [dev.gigaherz.jsonthings.things.parsers.EnchantmentParser/]: Done processing thingpack Enchantments.
[18Feb2025 22:37:41.294] [main/WARN] [net.minecraftforge.registries.ForgeRegistry/REGISTRIES]: Registry minecraft:recipe_serializer: The object top.ribs.scguns.client.screen.MechanicalPressRecipe$Serializer@68a97bfc has been registered twice for the same name scguns:mechanical_pressing.
[18Feb2025 22:37:41.294] [main/WARN] [net.minecraftforge.registries.ForgeRegistry/REGISTRIES]: Registry minecraft:recipe_serializer: The object top.ribs.scguns.client.screen.PoweredMechanicalPressRecipe$Serializer@2af39a2c has been registered twice for the same name scguns:powered_mechanical_pressing.
[18Feb2025 22:37:41.294] [main/WARN] [net.minecraftforge.registries.ForgeRegistry/REGISTRIES]: Registry minecraft:recipe_serializer: The object top.ribs.scguns.client.screen.MaceratorRecipe$Serializer@40f20b99 has been registered twice for the same name scguns:macerating.
[18Feb2025 22:37:41.294] [main/WARN] [net.minecraftforge.registries.ForgeRegistry/REGISTRIES]: Registry minecraft:recipe_serializer: The object top.ribs.scguns.client.screen.PoweredMaceratorRecipe$Serializer@65fd9deb has been registered twice for the same name scguns:powered_macerating.
[18Feb2025 22:37:41.294] [main/WARN] [net.minecraftforge.registries.ForgeRegistry/REGISTRIES]: Registry minecraft:recipe_serializer: The object top.ribs.scguns.client.screen.GunBenchRecipe$Serializer@7a632fa3 has been registered twice for the same name scguns:gun_bench.
[18Feb2025 22:37:41.294] [main/WARN] [net.minecraftforge.registries.ForgeRegistry/REGISTRIES]: Registry minecraft:recipe_serializer: The object top.ribs.scguns.client.screen.LightningBatteryRecipe$Serializer@7135d131 has been registered twice for the same name scguns:lightning_battery.
[18Feb2025 22:37:41.294] [main/WARN] [net.minecraftforge.registries.ForgeRegistry/REGISTRIES]: Registry minecraft:recipe_serializer: The object top.ribs.scguns.client.screen.MechanicalPressRecipe$Serializer@68a97bfc has been registered twice for the same name scguns:mechanical_pressing.
[18Feb2025 22:37:41.294] [main/WARN] [net.minecraftforge.registries.ForgeRegistry/REGISTRIES]: Registry minecraft:recipe_serializer: The object top.ribs.scguns.client.screen.PoweredMechanicalPressRecipe$Serializer@2af39a2c has been registered twice for the same name scguns:powered_mechanical_pressing.
[18Feb2025 22:37:41.294] [main/WARN] [net.minecraftforge.registries.ForgeRegistry/REGISTRIES]: Registry minecraft:recipe_serializer: The object top.ribs.scguns.client.screen.MaceratorRecipe$Serializer@40f20b99 has been registered twice for the same name scguns:macerating.
[18Feb2025 22:37:41.295] [main/WARN] [net.minecraftforge.registries.ForgeRegistry/REGISTRIES]: Registry minecraft:recipe_serializer: The object top.ribs.scguns.client.screen.PoweredMaceratorRecipe$Serializer@65fd9deb has been registered twice for the same name scguns:powered_macerating.
[18Feb2025 22:37:41.295] [main/WARN] [net.minecraftforge.registries.ForgeRegistry/REGISTRIES]: Registry minecraft:recipe_serializer: The object top.ribs.scguns.client.screen.GunBenchRecipe$Serializer@7a632fa3 has been registered twice for the same name scguns:gun_bench.
[18Feb2025 22:37:41.295] [main/WARN] [net.minecraftforge.registries.ForgeRegistry/REGISTRIES]: Registry minecraft:recipe_serializer: The object top.ribs.scguns.client.screen.LightningBatteryRecipe$Serializer@7135d131 has been registered twice for the same name scguns:lightning_battery.
[18Feb2025 22:37:42.144] [main/INFO] [dev.gigaherz.jsonthings.things.parsers.CreativeModeTabParser/]: Started registering Item things, errors about unexpected registry domains are harmless...
[18Feb2025 22:37:42.145] [main/INFO] [dev.gigaherz.jsonthings.things.parsers.CreativeModeTabParser/]: Done processing thingpack CreativeModeTabs.
[18Feb2025 22:37:42.264] [main/INFO] [dev.gigaherz.jsonthings.things.parsers.FluidTypeParser/]: Started registering FluidType things, errors about unexpected registry domains are harmless...
[18Feb2025 22:37:42.267] [main/INFO] [dev.gigaherz.jsonthings.things.parsers.FluidTypeParser/]: Done processing thingpack FluidTypes.
[18Feb2025 22:37:42.467] [main/WARN] [net.minecraft.network.syncher.SynchedEntityData/]: defineId called for: class net.mcreator.borninchaosv.entity.BabySpiderEntity from class net.mcreator.borninchaosv.entity.MotherSpiderEntity
[18Feb2025 22:37:42.547] [main/WARN] [net.minecraftforge.common.ForgeConfigSpec/CORE]: Configuration file /workspaces/amigos/servidor_minecraft/config/guardvillagers-common.toml is not correct. Correcting
[18Feb2025 22:37:42.550] [Thread-3/WARN] [net.minecraftforge.fml.config.ConfigFileTypeHandler/CONFIG]: Configuration file /workspaces/amigos/servidor_minecraft/config/betterdungeons-forge-1_20.toml is not correct. Correcting
[18Feb2025 22:37:42.563] [main/INFO] [com.tom.storagemod.StorageMod/]: Loaded Tom's Simple Storage config file toms_storage-common.toml
[18Feb2025 22:37:42.569] [Thread-3/INFO] [com.tom.storagemod.StorageMod/]: Tom's Simple Storage config just got changed on the file system!
[18Feb2025 22:37:42.574] [Thread-3/WARN] [net.minecraftforge.fml.config.ConfigFileTypeHandler/CONFIG]: Configuration file /workspaces/amigos/servidor_minecraft/config/balm-common.toml is not correct. Correcting
[18Feb2025 22:37:42.587] [Thread-3/WARN] [net.minecraftforge.fml.config.ConfigFileTypeHandler/CONFIG]: Configuration file /workspaces/amigos/servidor_minecraft/config/balm-common.toml is not correct. Correcting
[18Feb2025 22:37:42.598] [main/INFO] [Puzzles Lib/]: Loading common config for mutantmonsters
[18Feb2025 22:37:42.629] [Thread-3/WARN] [net.minecraftforge.fml.config.ConfigFileTypeHandler/CONFIG]: Configuration file /workspaces/amigos/servidor_minecraft/config/lootr-common.toml is not correct. Correcting
[18Feb2025 22:37:42.760] [Thread-3/WARN] [net.minecraftforge.fml.config.ConfigFileTypeHandler/CONFIG]: Configuration file /workspaces/amigos/servidor_minecraft/config/lootr-common.toml is not correct. Correcting
[18Feb2025 22:37:42.788] [Thread-3/WARN] [net.minecraftforge.fml.config.ConfigFileTypeHandler/CONFIG]: Configuration file /workspaces/amigos/servidor_minecraft/config/lootr-common.toml is not correct. Correcting
[18Feb2025 22:37:42.912] [Thread-3/WARN] [net.minecraftforge.fml.config.ConfigFileTypeHandler/CONFIG]: Configuration file /workspaces/amigos/servidor_minecraft/config/lootr-common.toml is not correct. Correcting
[18Feb2025 22:37:42.950] [main/INFO] [Spartan Shields/]: Loading config spartanshields-common.toml
[18Feb2025 22:37:42.985] [Thread-3/WARN] [net.minecraftforge.fml.config.ConfigFileTypeHandler/CONFIG]: Configuration file /workspaces/amigos/servidor_minecraft/config/lootr-common.toml is not correct. Correcting
[18Feb2025 22:37:42.993] [modloading-worker-0/INFO] [ToolLeveling+/]: Created README.txt in config folder.
[18Feb2025 22:37:42.995] [modloading-worker-0/INFO] [ToolLeveling+/]: Config 'tool_leveling_table.json' was successfully loaded.
[18Feb2025 22:37:42.995] [modloading-worker-0/INFO] [ToolLeveling+/]: Saved the checked/corrected config: tool_leveling_table.json
[18Feb2025 22:37:42.996] [modloading-worker-0/INFO] [ToolLeveling+/]: Config 'command_config.json' was successfully loaded.
[18Feb2025 22:37:42.996] [modloading-worker-0/INFO] [ToolLeveling+/]: Saved the checked/corrected config: command_config.json
[18Feb2025 22:37:43.022] [modloading-worker-0/INFO] [com.tom.storagemod.StorageMod/]: Tom's Storage Setup starting
[18Feb2025 22:37:43.037] [modloading-worker-0/INFO] [com.tom.storagemod.StorageMod/]: Initilaized Network Handler
[18Feb2025 22:37:43.095] [Forge Version Check/INFO] [net.minecraftforge.fml.VersionChecker/]: [easyanvils] Starting version check at https://raw.githubusercontent.com/Fuzss/modresources/main/update/easyanvils.json
[18Feb2025 22:37:43.134] [modloading-worker-0/INFO] [com.tom.createterminal.CreateTerminals/]: Create Contraption Terminals starting
[18Feb2025 22:37:43.146] [Thread-3/WARN] [net.minecraftforge.fml.config.ConfigFileTypeHandler/CONFIG]: Configuration file /workspaces/amigos/servidor_minecraft/config/lootr-common.toml is not correct. Correcting
[18Feb2025 22:37:43.273] [Thread-3/WARN] [net.minecraftforge.fml.config.ConfigFileTypeHandler/CONFIG]: Configuration file /workspaces/amigos/servidor_minecraft/config/lootr-common.toml is not correct. Correcting
[18Feb2025 22:37:43.324] [modloading-worker-0/INFO] [com.Kakyoin17.tinkervillager.TinkerVillager/]: HELLO FROM COMMON SETUP
[18Feb2025 22:37:43.333] [Thread-3/WARN] [net.minecraftforge.fml.config.ConfigFileTypeHandler/CONFIG]: Configuration file /workspaces/amigos/servidor_minecraft/config/lootr-common.toml is not correct. Correcting
[18Feb2025 22:37:43.388] [Forge Version Check/INFO] [net.minecraftforge.fml.VersionChecker/]: [easyanvils] Found status: UP_TO_DATE Current: 8.0.2 Target: null
[18Feb2025 22:37:43.389] [Forge Version Check/INFO] [net.minecraftforge.fml.VersionChecker/]: [musicplayer] Starting version check at https://api.u-team.info/update/musicplayer.json
[18Feb2025 22:37:43.405] [Thread-3/WARN] [net.minecraftforge.fml.config.ConfigFileTypeHandler/CONFIG]: Configuration file /workspaces/amigos/servidor_minecraft/config/lootr-common.toml is not correct. Correcting
[18Feb2025 22:37:43.463] [Thread-3/WARN] [net.minecraftforge.fml.config.ConfigFileTypeHandler/CONFIG]: Configuration file /workspaces/amigos/servidor_minecraft/config/lootr-common.toml is not correct. Correcting
[18Feb2025 22:37:43.510] [modloading-worker-0/INFO] [Dungeon Crawl/]: Common Setup
[18Feb2025 22:37:43.536] [Forge Version Check/INFO] [net.minecraftforge.fml.VersionChecker/]: [musicplayer] Found status: UP_TO_DATE Current: 2.7.0.316 Target: null
[18Feb2025 22:37:43.536] [Forge Version Check/INFO] [net.minecraftforge.fml.VersionChecker/]: [guardvillagers] Starting version check at https://raw.githubusercontent.com/seymourimadeit/guardvillagers/master/update.json
[18Feb2025 22:37:43.547] [Thread-3/WARN] [net.minecraftforge.fml.config.ConfigFileTypeHandler/CONFIG]: Configuration file /workspaces/amigos/servidor_minecraft/config/lootr-common.toml is not correct. Correcting
[18Feb2025 22:37:43.556] [Forge Version Check/INFO] [net.minecraftforge.fml.VersionChecker/]: [guardvillagers] Found status: BETA Current: 1.20.1-1.6.10 Target: 1.20-1.6.5
[18Feb2025 22:37:43.556] [Forge Version Check/INFO] [net.minecraftforge.fml.VersionChecker/]: [ctov] Starting version check at https://api.modrinth.com/updates/fgmhI8kH/forge_updates.json
[18Feb2025 22:37:43.605] [modloading-worker-0/INFO] [Mystical Agriculture/]: Loaded 136 crops
[18Feb2025 22:37:43.606] [modloading-worker-0/INFO] [Mystical Agriculture/]: Loaded 6 crop tiers
[18Feb2025 22:37:43.606] [modloading-worker-0/INFO] [Mystical Agriculture/]: Loaded 2 crop types
[18Feb2025 22:37:43.606] [modloading-worker-0/INFO] [Mystical Agriculture/]: Loaded 55 augments
[18Feb2025 22:37:43.607] [modloading-worker-0/INFO] [Mystical Agriculture/]: Loaded 20 mob soul types
[18Feb2025 22:37:43.618] [Thread-3/WARN] [net.minecraftforge.fml.config.ConfigFileTypeHandler/CONFIG]: Configuration file /workspaces/amigos/servidor_minecraft/config/lootr-common.toml is not correct. Correcting
[18Feb2025 22:37:43.649] [modloading-worker-0/INFO] [Spartan Shields/]: Setting up Spartan Shields!
[18Feb2025 22:37:43.673] [modloading-worker-0/INFO] [corgitaco.enhancedcelestials.EnhancedCelestials/]: Initialized enhancedcelestials network!
[18Feb2025 22:37:43.674] [modloading-worker-0/INFO] [com.jaquadro.minecraft.storagedrawers.StorageDrawers/]: New compacting rule 4 clay_ball = 1 clay
[18Feb2025 22:37:43.676] [modloading-worker-0/INFO] [com.jaquadro.minecraft.storagedrawers.StorageDrawers/]: New compacting rule 4 snowball = 1 snow_block
[18Feb2025 22:37:43.677] [modloading-worker-0/INFO] [com.jaquadro.minecraft.storagedrawers.StorageDrawers/]: New compacting rule 4 glowstone_dust = 1 glowstone
[18Feb2025 22:37:43.678] [modloading-worker-0/INFO] [com.jaquadro.minecraft.storagedrawers.StorageDrawers/]: New compacting rule 4 brick = 1 bricks
[18Feb2025 22:37:43.679] [modloading-worker-0/INFO] [com.jaquadro.minecraft.storagedrawers.StorageDrawers/]: New compacting rule 4 nether_brick = 1 nether_bricks
[18Feb2025 22:37:43.679] [modloading-worker-0/INFO] [com.jaquadro.minecraft.storagedrawers.StorageDrawers/]: New compacting rule 9 nether_wart = 1 nether_wart_block
[18Feb2025 22:37:43.680] [modloading-worker-0/INFO] [com.jaquadro.minecraft.storagedrawers.StorageDrawers/]: New compacting rule 4 quartz = 1 quartz_block
[18Feb2025 22:37:43.681] [Thread-3/WARN] [net.minecraftforge.fml.config.ConfigFileTypeHandler/CONFIG]: Configuration file /workspaces/amigos/servidor_minecraft/config/lootr-common.toml is not correct. Correcting
[18Feb2025 22:37:43.681] [modloading-worker-0/INFO] [com.jaquadro.minecraft.storagedrawers.StorageDrawers/]: New compacting rule 9 melon_slice = 1 melon
[18Feb2025 22:37:43.682] [modloading-worker-0/INFO] [com.jaquadro.minecraft.storagedrawers.StorageDrawers/]: New compacting rule 4 sand = 1 sandstone
[18Feb2025 22:37:43.683] [modloading-worker-0/INFO] [com.jaquadro.minecraft.storagedrawers.StorageDrawers/]: New compacting rule 4 red_sand = 1 red_sandstone
[18Feb2025 22:37:43.687] [modloading-worker-0/INFO] [CorgiLib/]: Initializing network...
[18Feb2025 22:37:43.703] [modloading-worker-0/INFO] [CorgiLib/]: Initialized network!
[18Feb2025 22:37:43.721] [Thread-3/WARN] [net.minecraftforge.fml.config.ConfigFileTypeHandler/CONFIG]: Configuration file /workspaces/amigos/servidor_minecraft/config/lootr-common.toml is not correct. Correcting
[18Feb2025 22:37:43.761] [modloading-worker-0/INFO] [com.jaquadro.minecraft.storagedrawers.StorageDrawers/]: New compacting rule 4 clay_ball = 1 clay
[18Feb2025 22:37:43.780] [Forge Version Check/INFO] [net.minecraftforge.fml.VersionChecker/]: [ctov] Found status: UP_TO_DATE Current: 3.4.11 Target: null
[18Feb2025 22:37:43.780] [Forge Version Check/INFO] [net.minecraftforge.fml.VersionChecker/]: [corpse] Starting version check at https://update.maxhenkel.de/forge/corpse
[18Feb2025 22:37:43.820] [Thread-3/WARN] [net.minecraftforge.fml.config.ConfigFileTypeHandler/CONFIG]: Configuration file /workspaces/amigos/servidor_minecraft/config/lootr-common.toml is not correct. Correcting
[18Feb2025 22:37:43.950] [Thread-3/WARN] [net.minecraftforge.fml.config.ConfigFileTypeHandler/CONFIG]: Configuration file /workspaces/amigos/servidor_minecraft/config/lootr-common.toml is not correct. Correcting
[18Feb2025 22:37:44.036] [main/INFO] [Framework/SYNCED_ENTITY_DATA]: Registered synced data key scguns:aiming for minecraft:player
[18Feb2025 22:37:44.036] [main/INFO] [Framework/SYNCED_ENTITY_DATA]: Registered synced data key scguns:reloading for minecraft:player
[18Feb2025 22:37:44.037] [main/INFO] [Framework/SYNCED_ENTITY_DATA]: Registered synced data key scguns:shooting for minecraft:player
[18Feb2025 22:37:44.037] [main/INFO] [Framework/SYNCED_ENTITY_DATA]: Registered synced data key scguns:burstcount for minecraft:player
[18Feb2025 22:37:44.037] [main/INFO] [Framework/SYNCED_ENTITY_DATA]: Registered synced data key scguns:onburstcooldown for minecraft:player
[18Feb2025 22:37:44.037] [main/INFO] [Framework/SYNCED_ENTITY_DATA]: Registered synced data key scguns:melee for minecraft:player
[18Feb2025 22:37:44.098] [main/INFO] [com.tiviacz.travelersbackpack.TravelersBackpack/]: Registered the FluidEffect with Unique ID of minecraft:water for Water (Fluid Amount Required: 1000) with the ID 0
[18Feb2025 22:37:44.098] [main/INFO] [com.tiviacz.travelersbackpack.TravelersBackpack/]: Registered the FluidEffect with Unique ID of minecraft:lava for Lava (Fluid Amount Required: 1000) with the ID 1
[18Feb2025 22:37:44.098] [main/INFO] [com.tiviacz.travelersbackpack.TravelersBackpack/]: Registered the FluidEffect with Unique ID of travelersbackpack:potion for Uncraftable Potion (Fluid Amount Required: 250) with the ID 2
[18Feb2025 22:37:44.099] [main/INFO] [com.tiviacz.travelersbackpack.TravelersBackpack/]: Registered the FluidEffect with Unique ID of minecraft:milk for Milk (Fluid Amount Required: 1000) with the ID 3
[18Feb2025 22:37:44.102] [main/INFO] [terrablender/]: Registered region minecraft:overworld to index 0 for type OVERWORLD
[18Feb2025 22:37:44.102] [main/INFO] [terrablender/]: Registered region minecraft:nether to index 0 for type NETHER
[18Feb2025 22:37:44.102] [main/INFO] [terrablender/]: Registered region biomesoplenty:overworld_primary to index 1 for type OVERWORLD
[18Feb2025 22:37:44.102] [main/INFO] [terrablender/]: Registered region biomesoplenty:overworld_secondary to index 2 for type OVERWORLD
[18Feb2025 22:37:44.102] [main/INFO] [terrablender/]: Registered region biomesoplenty:overworld_rare to index 3 for type OVERWORLD
[18Feb2025 22:37:44.102] [main/INFO] [terrablender/]: Registered region biomesoplenty:nether_common to index 1 for type NETHER
[18Feb2025 22:37:44.102] [main/INFO] [terrablender/]: Registered region biomesoplenty:nether_rare to index 2 for type NETHER
[18Feb2025 22:37:44.163] [main/INFO] [crust/configs/]: First-time loading config file config/Crust/default_game_rules.toml
[18Feb2025 22:37:44.167] [main/INFO] [crust/configs/]: Started watching config file config/Crust/default_game_rules.toml for updates
[18Feb2025 22:37:44.167] [main/INFO] [crust/configs/]: First-time loading config file config/Crust/modes.toml
[18Feb2025 22:37:44.168] [main/INFO] [crust/configs/]: Started watching config file config/Crust/modes.toml for updates
[18Feb2025 22:37:44.176] [main/INFO] [crust/]: Found Crust plugin at fathertoast.crust.common.api.impl.InternalCrustPlugin with plugin ID: crust:builtin_plugin
[18Feb2025 22:37:44.246] [main/INFO] [journeymap/]: Initializing Packet Registries
[18Feb2025 22:37:44.347] [modloading-worker-0/INFO] [io.redspace.ironsspellbooks.IronsSpellbooks/]: Got IMC []
[18Feb2025 22:37:44.436] [modloading-worker-0/INFO] [Jade/]: Start loading plugin at de.maxhenkel.corpse.integration.waila.PluginCorpse
[18Feb2025 22:37:44.441] [Forge Version Check/INFO] [net.minecraftforge.fml.VersionChecker/]: [corpse] Found status: AHEAD Current: 1.20.1-1.0.20 Target: null
[18Feb2025 22:37:44.441] [Forge Version Check/INFO] [net.minecraftforge.fml.VersionChecker/]: [mr_dungeons_andtaverns] Starting version check at https://api.modrinth.com/updates/tpehi7ww/forge_updates.json
[18Feb2025 22:37:44.453] [modloading-worker-0/INFO] [Jade/]: Start loading plugin at twilightforest.compat.jade.JadeCompat
[18Feb2025 22:37:44.454] [modloading-worker-0/INFO] [Jade/]: Start loading plugin at net.blay09.mods.waystones.compat.JadeIntegration
[18Feb2025 22:37:44.455] [modloading-worker-0/INFO] [Jade/]: Start loading plugin at fathertoast.specialmobs.common.compat.jade.SMJadePlugin
[18Feb2025 22:37:44.457] [modloading-worker-0/INFO] [Jade/]: Start loading plugin at com.blakebr0.mysticalagriculture.compat.JadeCompat
[18Feb2025 22:37:44.458] [modloading-worker-0/INFO] [Jade/]: Start loading plugin at snownee.jade.addon.vanilla.VanillaPlugin
[18Feb2025 22:37:44.479] [modloading-worker-0/INFO] [Jade/]: Start loading plugin at snownee.jade.addon.universal.UniversalPlugin
[18Feb2025 22:37:44.484] [modloading-worker-0/INFO] [Jade/]: Start loading plugin at snownee.jade.addon.core.CorePlugin
[18Feb2025 22:37:44.489] [modloading-worker-0/INFO] [Jade/]: Start loading plugin at de.maxhenkel.easyvillagers.integration.waila.PluginEasyVillagers
[18Feb2025 22:37:44.491] [modloading-worker-0/INFO] [Jade/]: Start loading plugin at com.jaquadro.minecraft.storagedrawers.integration.Waila
[18Feb2025 22:37:44.628] [Forge Version Check/INFO] [net.minecraftforge.fml.VersionChecker/]: [mr_dungeons_andtaverns] Found status: OUTDATED Current: 3.0.3.f Target: 3.0.3.f+mod
[18Feb2025 22:37:44.628] [Forge Version Check/INFO] [net.minecraftforge.fml.VersionChecker/]: [dynamic_fps] Starting version check at https://api.lostluma.net/updates/dynamic-fps?platform=forge
[18Feb2025 22:37:45.153] [Forge Version Check/INFO] [net.minecraftforge.fml.VersionChecker/]: [dynamic_fps] Found status: UP_TO_DATE Current: 3.7.7 Target: null
[18Feb2025 22:37:45.154] [Forge Version Check/INFO] [net.minecraftforge.fml.VersionChecker/]: [toms_storage] Starting version check at https://raw.githubusercontent.com/tom5454/Toms-Storage/master/version-check.json
[18Feb2025 22:37:45.168] [Forge Version Check/INFO] [net.minecraftforge.fml.VersionChecker/]: [toms_storage] Found status: BETA Current: 1.7.0 Target: 1.6.9
[18Feb2025 22:37:45.169] [Forge Version Check/INFO] [net.minecraftforge.fml.VersionChecker/]: [enchantinginfuser] Starting version check at https://raw.githubusercontent.com/Fuzss/modresources/main/update/enchantinginfuser.json
[18Feb2025 22:37:45.181] [Forge Version Check/INFO] [net.minecraftforge.fml.VersionChecker/]: [enchantinginfuser] Found status: UP_TO_DATE Current: 8.0.3 Target: null
[18Feb2025 22:37:45.182] [Forge Version Check/INFO] [net.minecraftforge.fml.VersionChecker/]: [mutantmonsters] Starting version check at https://raw.githubusercontent.com/Fuzss/modresources/main/update/mutantmonsters.json
[18Feb2025 22:37:45.199] [Forge Version Check/INFO] [net.minecraftforge.fml.VersionChecker/]: [mutantmonsters] Found status: UP_TO_DATE Current: 8.0.7 Target: null
[18Feb2025 22:37:45.199] [Forge Version Check/INFO] [net.minecraftforge.fml.VersionChecker/]: [visualworkbench] Starting version check at https://raw.githubusercontent.com/Fuzss/modresources/main/update/visualworkbench.json
[18Feb2025 22:37:45.212] [Forge Version Check/INFO] [net.minecraftforge.fml.VersionChecker/]: [visualworkbench] Found status: UP_TO_DATE Current: 8.0.0 Target: null
[18Feb2025 22:37:45.213] [Forge Version Check/INFO] [net.minecraftforge.fml.VersionChecker/]: [travelersbackpack] Starting version check at https://gist.githubusercontent.com/Tiviacz1337/906937677aa472285dff9d6c2a189d5e/raw
[18Feb2025 22:37:45.267] [Forge Version Check/INFO] [net.minecraftforge.fml.VersionChecker/]: [travelersbackpack] Found status: UP_TO_DATE Current: 9.1.16 Target: null
[18Feb2025 22:37:45.267] [Forge Version Check/INFO] [net.minecraftforge.fml.VersionChecker/]: [puzzlesaccessapi] Starting version check at https://raw.githubusercontent.com/Fuzss/modresources/main/update/puzzlesaccessapi.json
[18Feb2025 22:37:45.281] [Forge Version Check/INFO] [net.minecraftforge.fml.VersionChecker/]: [puzzlesaccessapi] Found status: BETA Current: 8.0.7 Target: null
[18Feb2025 22:37:45.281] [Forge Version Check/INFO] [net.minecraftforge.fml.VersionChecker/]: [forge] Starting version check at https://files.minecraftforge.net/net/minecraftforge/forge/promotions_slim.json
[18Feb2025 22:37:45.428] [Forge Version Check/INFO] [net.minecraftforge.fml.VersionChecker/]: [forge] Found status: OUTDATED Current: 47.3.12 Target: 47.3.32
[18Feb2025 22:37:45.428] [Forge Version Check/INFO] [net.minecraftforge.fml.VersionChecker/]: [jeiintegration] Starting version check at https://cdn.snowshock35.com/mods/jei-integration/update.json
[18Feb2025 22:37:45.492] [Forge Version Check/INFO] [net.minecraftforge.fml.VersionChecker/]: [jeiintegration] Found status: BETA Current: 10.0.0 Target: null
[18Feb2025 22:37:45.492] [Forge Version Check/INFO] [net.minecraftforge.fml.VersionChecker/]: [flywheel] Starting version check at https://api.modrinth.com/updates/flywheel/forge_updates.json
[18Feb2025 22:37:45.630] [Forge Version Check/INFO] [net.minecraftforge.fml.VersionChecker/]: [flywheel] Found status: BETA Current: 0.6.11-13 Target: null
[18Feb2025 22:37:45.632] [Forge Version Check/INFO] [net.minecraftforge.fml.VersionChecker/]: [createcontraptionterminals] Starting version check at https://raw.githubusercontent.com/tom5454/Create-Contraption-Terminals/main/version-check.json
[18Feb2025 22:37:45.793] [Forge Version Check/INFO] [net.minecraftforge.fml.VersionChecker/]: [createcontraptionterminals] Found status: BETA Current: 1.1.0 Target: 1.1.0
[18Feb2025 22:37:45.794] [Forge Version Check/INFO] [net.minecraftforge.fml.VersionChecker/]: [puzzleslib] Starting version check at https://raw.githubusercontent.com/Fuzss/modresources/main/update/puzzleslib.json
[18Feb2025 22:37:45.805] [Forge Version Check/INFO] [net.minecraftforge.fml.VersionChecker/]: [puzzleslib] Found status: UP_TO_DATE Current: 8.1.25 Target: null
[18Feb2025 22:37:45.805] [Forge Version Check/INFO] [net.minecraftforge.fml.VersionChecker/]: [bookshelf] Starting version check at https://updates.blamejared.com/get?n=bookshelf&gv=1.20.1
[18Feb2025 22:37:46.290] [Forge Version Check/INFO] [net.minecraftforge.fml.VersionChecker/]: [bookshelf] Found status: BETA Current: 20.2.13 Target: 20.2.13
[18Feb2025 22:37:46.291] [Forge Version Check/INFO] [net.minecraftforge.fml.VersionChecker/]: [uteamcore] Starting version check at https://api.u-team.info/update/uteamcore.json
[18Feb2025 22:37:46.320] [Forge Version Check/INFO] [net.minecraftforge.fml.VersionChecker/]: [uteamcore] Found status: UP_TO_DATE Current: 5.1.4.346 Target: null
[18Feb2025 22:37:46.320] [Forge Version Check/INFO] [net.minecraftforge.fml.VersionChecker/]: [cameraoverhaul] Starting version check at https://github.com/Mirsario/Minecraft-CameraOverhaul/blob/dev/meta/ForgeUpdateCheck.json?raw=true
[18Feb2025 22:37:46.677] [Forge Version Check/INFO] [net.minecraftforge.fml.VersionChecker/]: [cameraoverhaul] Found status: UP_TO_DATE Current: 2.0.0-forge+mc.1.19.3-1.20.5 Target: null
[18Feb2025 22:37:46.677] [Forge Version Check/INFO] [net.minecraftforge.fml.VersionChecker/]: [twilightforest] Starting version check at https://gh.tamaized.com/TeamTwilight/twilightforest/update.json
[18Feb2025 22:37:47.060] [Forge Version Check/INFO] [net.minecraftforge.fml.VersionChecker/]: [twilightforest] Found status: AHEAD Current: 4.3.2508 Target: null
[18Feb2025 22:37:47.060] [Forge Version Check/INFO] [net.minecraftforge.fml.VersionChecker/]: [otyacraftengine] Starting version check at https://raw.githubusercontent.com/TeamFelnull/OtyacraftEngine/master/version_check.json
[18Feb2025 22:37:47.159] [Forge Version Check/INFO] [net.minecraftforge.fml.VersionChecker/]: [otyacraftengine] Found status: UP_TO_DATE Current: 3.7.0-alpha.2 Target: null
[18Feb2025 22:37:47.159] [Forge Version Check/INFO] [net.minecraftforge.fml.VersionChecker/]: [framework] Starting version check at https://mrcrayfish.com/modupdatejson?id=framework
[18Feb2025 22:37:47.927] [Forge Version Check/INFO] [net.minecraftforge.fml.VersionChecker/]: [framework] Found status: BETA_OUTDATED Current: 0.6.16 Target: 0.7.12
[18Feb2025 22:37:47.927] [Forge Version Check/INFO] [net.minecraftforge.fml.VersionChecker/]: [smallships] Starting version check at https://raw.githubusercontent.com/talhanation/smallships/main/update.json
[18Feb2025 22:37:47.940] [Forge Version Check/INFO] [net.minecraftforge.fml.VersionChecker/]: [smallships] Found status: UP_TO_DATE Current: 2.0.0-b1.4 Target: null
[18Feb2025 22:37:47.940] [Forge Version Check/INFO] [net.minecraftforge.fml.VersionChecker/]: [cyclic] Starting version check at https://raw.githubusercontent.com/Lothrazar/cyclic/trunk/1.20.1/update.json
[18Feb2025 22:37:47.958] [Forge Version Check/INFO] [net.minecraftforge.fml.VersionChecker/]: [cyclic] Found status: BETA_OUTDATED Current: 1.12.11 Target: 1.13.0
[18Feb2025 22:37:47.959] [Forge Version Check/INFO] [net.minecraftforge.fml.VersionChecker/]: [copycats] Starting version check at https://raw.githubusercontent.com/copycats-plus/copycats/multiloader/update.json
[18Feb2025 22:37:47.972] [Forge Version Check/INFO] [net.minecraftforge.fml.VersionChecker/]: [copycats] Found status: AHEAD Current: 2.2.0+mc.1.20.1-forge Target: null
[18Feb2025 22:37:47.972] [Forge Version Check/INFO] [net.minecraftforge.fml.VersionChecker/]: [journeymap] Starting version check at https://forge.curseupdate.com/32274/journeymap
[18Feb2025 22:37:48.204] [Forge Version Check/INFO] [net.minecraftforge.fml.VersionChecker/]: [journeymap] Found status: UP_TO_DATE Current: 5.10.3 Target: null
[18Feb2025 22:37:48.204] [Forge Version Check/INFO] [net.minecraftforge.fml.VersionChecker/]: [mr_veinminer] Starting version check at https://api.modrinth.com/updates/OhduvhIc/forge_updates.json
[18Feb2025 22:37:48.281] [Forge Version Check/INFO] [net.minecraftforge.fml.VersionChecker/]: [mr_veinminer] Found status: OUTDATED Current: 1.1.0 Target: 1.1.0+mod
[18Feb2025 22:37:48.281] [Forge Version Check/INFO] [net.minecraftforge.fml.VersionChecker/]: [enchdesc] Starting version check at https://updates.blamejared.com/get?n=enchdesc&gv=1.20.1
[18Feb2025 22:37:48.431] [Forge Version Check/INFO] [net.minecraftforge.fml.VersionChecker/]: [enchdesc] Found status: BETA Current: 17.1.19 Target: 17.1.19
[18Feb2025 22:37:48.431] [Forge Version Check/INFO] [net.minecraftforge.fml.VersionChecker/]: [easy_villagers] Starting version check at https://update.maxhenkel.de/forge/easy_villagers
[18Feb2025 22:37:48.582] [Forge Version Check/INFO] [net.minecraftforge.fml.VersionChecker/]: [easy_villagers] Found status: AHEAD Current: 1.20.1-1.1.23 Target: null
[18Feb2025 22:37:48.583] [Forge Version Check/INFO] [net.minecraftforge.fml.VersionChecker/]: [corail_recycler] Starting version check at https://raw.githubusercontent.com/Corail31/recycler/master/update.json
[18Feb2025 22:37:48.728] [Forge Version Check/INFO] [net.minecraftforge.fml.VersionChecker/]: [corail_recycler] Found status: UP_TO_DATE Current: 5.9.1 Target: null
[18Feb2025 22:37:52.417] [main/INFO] [com.mojang.authlib.yggdrasil.YggdrasilAuthenticationService/]: Environment: authHost='https://authserver.mojang.com', accountsHost='https://api.mojang.com', sessionHost='https://sessionserver.mojang.com', servicesHost='https://api.minecraftservices.com', name='PROD'
[18Feb2025 22:37:52.465] [main/ERROR] [net.minecraft.server.Main/FATAL]: Failed to start the minecraft server
net.minecraft.util.DirectoryLock$LockException: /workspaces/amigos/servidor_minecraft/./world/session.lock: already locked (possibly by other Minecraft instance?)
	at net.minecraft.util.DirectoryLock$LockException.m_13648_(DirectoryLock.java:95) ~[server-1.20.1-20230612.114412-srg.jar%23437!/:?]
	at net.minecraft.util.DirectoryLock.m_13640_(DirectoryLock.java:41) ~[server-1.20.1-20230612.114412-srg.jar%23437!/:?]
	at net.minecraft.world.level.storage.LevelStorageSource$LevelStorageAccess.<init>(LevelStorageSource.java:404) ~[server-1.20.1-20230612.114412-srg.jar%23437!/:?]
	at net.minecraft.world.level.storage.LevelStorageSource.m_289864_(LevelStorageSource.java:342) ~[server-1.20.1-20230612.114412-srg.jar%23437!/:?]
	at net.minecraft.server.Main.main(Main.java:141) ~[server-1.20.1-20230612.114412-srg.jar%23437!/:?]
	at jdk.internal.reflect.NativeMethodAccessorImpl.invoke0(Native Method) ~[?:?]
	at jdk.internal.reflect.NativeMethodAccessorImpl.invoke(NativeMethodAccessorImpl.java:77) ~[?:?]
	at jdk.internal.reflect.DelegatingMethodAccessorImpl.invoke(DelegatingMethodAccessorImpl.java:43) ~[?:?]
	at java.lang.reflect.Method.invoke(Method.java:569) ~[?:?]
	at net.minecraftforge.fml.loading.targets.CommonLaunchHandler.runTarget(CommonLaunchHandler.java:111) ~[fmlloader-1.20.1-47.3.12.jar%2369!/:?]
	at net.minecraftforge.fml.loading.targets.CommonLaunchHandler.serverService(CommonLaunchHandler.java:103) ~[fmlloader-1.20.1-47.3.12.jar%2369!/:?]
	at net.minecraftforge.fml.loading.targets.CommonServerLaunchHandler.lambda$makeService$0(CommonServerLaunchHandler.java:27) ~[fmlloader-1.20.1-47.3.12.jar%2369!/:?]
	at cpw.mods.modlauncher.LaunchServiceHandlerDecorator.launch(LaunchServiceHandlerDecorator.java:30) ~[modlauncher-10.0.9.jar%2355!/:?]
	at cpw.mods.modlauncher.LaunchServiceHandler.launch(LaunchServiceHandler.java:53) ~[modlauncher-10.0.9.jar%2355!/:?]
	at cpw.mods.modlauncher.LaunchServiceHandler.launch(LaunchServiceHandler.java:71) ~[modlauncher-10.0.9.jar%2355!/:?]
	at cpw.mods.modlauncher.Launcher.run(Launcher.java:108) ~[modlauncher-10.0.9.jar%2355!/:?]
	at cpw.mods.modlauncher.Launcher.main(Launcher.java:78) ~[modlauncher-10.0.9.jar%2355!/:?]
	at cpw.mods.modlauncher.BootstrapLaunchConsumer.accept(BootstrapLaunchConsumer.java:26) ~[modlauncher-10.0.9.jar%2355!/:?]
	at cpw.mods.modlauncher.BootstrapLaunchConsumer.accept(BootstrapLaunchConsumer.java:23) ~[modlauncher-10.0.9.jar%2355!/:?]
	at cpw.mods.bootstraplauncher.BootstrapLauncher.main(BootstrapLauncher.java:141) ~[bootstraplauncher-1.1.2.jar:?]
